年月日,1101.TW,1102.TW,1216.TW,1301.TW,1303.TW,1326.TW,1402.TW,1476.TW,1590.TW,1605.TW,1722.TW,1802.TW,2002.TW,2105.TW,2201.TW,2204.TW,2207.TW,2227.TW,2301.TW,2303.TW,2308.TW,2311.TW,2317.TW,2323.TW,2324.TW,2325.TW,2327.TW,2330.TW,2331.TW,2337.TW,2344.TW,2345.TW,2347.TW,2349.TW,2352.TW,2353.TW,2354.TW,2356.TW,2357.TW,2363.TW,2371.TW,2376.TW,2377.TW,2379.TW,2382.TW,2388.TW,2395.TW,2401.TW,2408.TW,2409.TW,2412.TW,2448.TW,2454.TW,2474.TW,2475.TW,2492.TW,2498.TW,2603.TW,2609.TW,2610.TW,2615.TW,2618.TW,2633.TW,2801.TW,2823.TW,2880.TW,2881.TW,2882.TW,2883.TW,2884.TW,2885.TW,2886.TW,2887.TW,2888.TW,2890.TW,2891.TW,2892.TW,2912.TW,3008.TW,3009.TW,3012.TW,3034.TW,3037.TW,3045.TW,3231.TW,3474.TW,3481.TW,3673.TW,3697.TW,3711.TW,4904.TW,4938.TW,5854.TW,5871.TW,5876.TW,5880.TW,6004.TW,6116.TW,6239.TW,6415.TW,6505.TW,6669.TW,6770.TW,8046.TW,8078.TW,8454.TW,9904.TW,9910.TW
2002-07-05,0.0,0.0,0.009492,0.042098000000000003,0.032334999999999996,0.014058,0.007776,0.0,0.0,0.0,0.0,0.0,0.018148,0.0,0.005177,0.003195,0.0,0.0,0.009670999999999999,0.08737299999999999,0.010789,0.011988,0.040229999999999995,0.010279,0.017009,0.0072,0.0,0.203882,0.006473,0.011386,0.014196,0.0,0.0,0.010042,0.013881,0.014871,0.0,0.009734,0.035568,0.007517,0.009146999999999999,0.005653,0.009101,0.009754,0.022147,0.01149,0.0,0.010085,0.007991,0.017967,0.0,0.0,0.022099,0.0,0.008852,0.0,0.0,0.0,0.0,0.0,0.0,0.0,0.0,0.009942,0.0,0.012199999999999999,0.020097999999999998,0.025053000000000002,0.039914,0.0,0.0,0.011531,0.0,0.0,0.0,0.024077,0.0,0.003956,0.0,0.0,0.0,0.0,0.0,0.014490000000000001,0.0,0.0,0.0,0.0,0.0,0.0,0.0,0.0,0.0,0.0,0.0,0.0,0.0,0.0,0.0,0.0,0.0,0.0,0.0,0.0,0.0,0.0,0.0,0.0
2002-12-18,0.0,0.0,0.009768,0.051933999999999994,0.036101999999999995,0.018061,0.00754,0.0,0.0,0.0,0.0,0.0,0.0231,0.0,0.009656,0.006404,0.0,0.0,0.020354999999999998,0.06824,0.011309,0.01298,0.050279,0.009306,0.025595,0.006361,0.0,0.170671,0.005377,0.010946000000000001,0.012896000000000001,0.0,0.0,0.008471,0.012891999999999999,0.018121,0.0,0.009851,0.025485999999999998,0.0066749999999999995,0.008072000000000001,0.0056359999999999995,0.006711,0.013156000000000001,0.020295999999999998,0.008935,0.0,0.008861,0.006974,0.015349999999999999,0.0,0.0,0.024984000000000003,0.0,0.006109,0.0,0.0,0.0,0.0,0.0,0.0,0.0,0.0,0.011276,0.0,0.013108999999999999,0.019942,0.037276,0.034965,0.0,0.0,0.017283,0.0,0.0,0.0,0.023576,0.0,0.004105,0.0,0.0,0.0,0.0,0.0,0.012846,0.0,0.0,0.0,0.0,0.0,0.0,0.0,0.0,0.0,0.0,0.0,0.0,0.0,0.0,0.0,0.0,0.0,0.0,0.0,0.0,0.0,0.0,0.012728999999999999,0.0
2002-12-23,0.0,0.0,0.010109,0.051903,0.035448,0.01894,0.007814,0.0,0.0,0.0,0.0,0.0,0.023263,0.0,0.010238,0.0065710000000000005,0.0,0.0,0.01965,0.066129,0.011261,0.013234999999999999,0.048396,0.009137,0.025195,0.00614,0.0,0.161267,0.0050360000000000005,0.010562,0.012454,0.0,0.0,0.008054,0.013038000000000001,0.017083,0.0,0.009672,0.024458999999999998,0.006227,0.007873,0.005326999999999999,0.006381,0.013249,0.01931,0.008526,0.0,0.008634,0.006847,0.014996,0.0,0.0,0.026612,0.0,0.005896,0.0,0.0,0.0,0.0,0.003006,0.0,0.0,0.0,0.011136,0.0,0.014108,0.042976,0.040313999999999996,0.036358,0.0,0.0,0.01761,0.0,0.0,0.0,0.023929,0.0,0.004108,0.0,0.0,0.0,0.0,0.0,0.012206,0.0,0.0,0.0,0.0,0.0,0.0,0.0,0.0,0.0,0.0,0.0,0.0,0.0,0.0,0.0,0.0,0.0,0.0,0.0,0.0,0.0,0.0,0.012948999999999999,0.0
2002-12-31,0.0,0.0,0.009614000000000001,0.052965,0.03645,0.019956,0.007423999999999999,0.0,0.0,0.0,0.0,0.0,0.022826,0.0,0.009521,0.006265,0.0,0.0,0.019199,0.062179000000000005,0.010757000000000001,0.012582,0.047186000000000006,0.009177,0.02374,0.006175000000000001,0.0,0.153203,0.004848,0.010169,0.012725,0.0,0.0,0.008094,0.012421,0.016255,0.0,0.009365,0.022839,0.007569,0.007483,0.0050219999999999996,0.006137,0.012263,0.018284,0.008511,0.0,0.008602,0.006454,0.015322,0.0,0.0,0.024991,0.0,0.005912,0.0,0.0,0.0,0.0,0.0029249999999999996,0.0,0.0,0.0,0.011002000000000001,0.0,0.014498,0.040526,0.039599999999999996,0.036779,0.0,0.0,0.035348000000000004,0.016321000000000002,0.0,0.0,0.024995,0.0,0.004117,0.0,0.0,0.0,0.0,0.0,0.012439,0.0,0.0,0.0,0.0,0.0,0.0,0.0,0.0,0.0,0.0,0.0,0.0,0.0,0.0,0.0,0.0,0.0,0.0,0.0,0.0,0.0,0.0,0.012228000000000001,0.0
2003-01-02,0.0,0.0,0.009657,0.053712,0.03632,0.01998,0.007725999999999999,0.0,0.0,0.0,0.0,0.0,0.023351,0.0,0.009479,0.006213,0.0,0.0,0.019393,0.06361,0.010976999999999999,0.012935,0.048272,0.009422,0.023822999999999997,0.006207000000000001,0.0,0.154551,0.004959,0.010355000000000001,0.012931999999999999,0.0,0.0,0.008172,0.012739,0.016629,0.0,0.00958,0.023754,0.007489,0.007491,0.005138,0.00617,0.01234,0.018225,0.008707,0.0,0.0088,0.006666999999999999,0.015909,0.0,0.0,0.025566,0.0,0.006048,0.0,0.0,0.0,0.0,0.002942,0.0,0.0,0.0,0.011188,0.0,0.014716,0.041609,0.040511,0.037066,0.0,0.0,0.036161,0.016791,0.0,0.0,0.025391,0.0,0.0042109999999999995,0.0,0.0,0.0,0.0,0.0,0.013567000000000001,0.0,0.0,0.0,0.0,0.0,0.0,0.0,0.0,0.0,0.0,0.0,0.0,0.0,0.0,0.0,0.0,0.0,0.0,0.0,0.0,0.0,0.0,0.012552,0.0
2003-01-20,0.0,0.0,0.009889,0.051902,0.03925,0.019888,0.00862,0.0,0.0,0.0,0.0,0.0,0.024255,0.0,0.009489,0.006134,0.0,0.0,0.018967,0.059938000000000005,0.010364,0.011755,0.044853,0.010102,0.023469000000000004,0.006151,0.0,0.158559,0.0,0.010304,0.012353000000000001,0.0,0.0,0.008197,0.012230000000000001,0.016302,0.0,0.009007,0.023192,0.00968,0.007737000000000001,0.004937,0.006301,0.011235,0.020044,0.008027,0.0,0.007396000000000001,0.006202,0.016203000000000002,0.0,0.0,0.022976999999999997,0.0,0.006319,0.0,0.0,0.003775,0.0,0.00291,0.0,0.0,0.0,0.010683,0.0,0.013804,0.039113,0.041067,0.036202,0.0,0.0,0.033735,0.016221,0.0,0.0,0.023784,0.017669,0.003915,0.0,0.0,0.0,0.0,0.0,0.011522,0.0,0.0,0.0,0.0,0.0,0.0,0.0,0.0,0.0,0.0,0.0,0.0,0.0,0.0,0.0,0.0,0.0,0.0,0.0,0.0,0.0,0.0,0.013368,0.0
2003-04-21,0.0,0.0,0.008981,0.05014300000000001,0.038321999999999995,0.028076,0.007743,0.0,0.0,0.0,0.0,0.0,0.023211,0.004868,0.009550999999999999,0.008134,0.0,0.0,0.016918,0.058683,0.010771999999999999,0.011997,0.04336,0.010751,0.023475000000000003,0.00598,0.0,0.156751,0.0,0.008291,0.011567000000000001,0.0,0.0,0.0,0.012303,0.015880000000000002,0.0,0.010058000000000001,0.026211,0.0,0.0,0.0,0.006843,0.010103,0.020358,0.009694000000000001,0.0,0.005738999999999999,0.006737999999999999,0.014838,0.0068379999999999995,0.0,0.023988999999999996,0.0,0.005453,0.0,0.0,0.003804,0.0,0.002316,0.0,0.0,0.0,0.009686,0.0,0.018491,0.039784,0.043182,0.035565,0.0,0.0,0.034263,0.015449,0.0,0.011600999999999998,0.023748000000000002,0.015779,0.0032979999999999997,0.0,0.00565,0.0,0.0,0.0,0.012034,0.0,0.0,0.0,0.0,0.0,0.0,0.0,0.0,0.0,0.0,0.0,0.0,0.0,0.0,0.0,0.0,0.0,0.0,0.0,0.0,0.0,0.0,0.012728999999999999,0.0
2003-07-21,0.0,0.0,0.007557,0.043994,0.037538999999999996,0.025827,0.007895,0.0,0.0,0.0,0.0,0.0,0.025164,0.0039900000000000005,0.007664,0.006896,0.0,0.0,0.016039,0.060075,0.009732,0.012461999999999999,0.046932,0.014060999999999999,0.025908,0.006902,0.0,0.179305,0.0,0.0,0.014041,0.0,0.0,0.010920000000000001,0.012802000000000001,0.018471,0.0,0.008694,0.029881,0.0,0.0,0.0,0.006794,0.008267,0.022061,0.010089999999999998,0.0,0.005218,0.007735,0.020973000000000002,0.006063,0.0,0.026059000000000002,0.0,0.007311,0.0,0.0,0.0030570000000000003,0.0,0.002312,0.0,0.0,0.0,0.008496,0.0,0.015165999999999999,0.034247,0.036834,0.029194,0.0,0.0,0.028146,0.013726,0.0,0.00972,0.018968,0.012358000000000001,0.0028079999999999997,0.0,0.008183000000000001,0.0,0.0,0.0,0.010912999999999999,0.0,0.0,0.0,0.0,0.0,0.0,0.0,0.0,0.0,0.0,0.0,0.0,0.0,0.0,0.0,0.0,0.0,0.0,0.0,0.0,0.0,0.0,0.012551000000000001,0.0
2003-10-20,0.0,0.0,0.007497,0.041192,0.035743,0.028739,0.007855,0.0,0.0,0.0,0.0,0.0,0.021263,0.003848,0.006421,0.005536999999999999,0.0,0.0,0.013891,0.06224300000000001,0.008233,0.013231,0.049196,0.013892,0.026671999999999998,0.006804,0.0,0.170334,0.0,0.0,0.009852,0.0,0.0,0.008503,0.011394999999999999,0.0178,0.0,0.007512,0.023831,0.0,0.0,0.0,0.0,0.007798,0.020477,0.008715,0.0,0.00567,0.006876,0.025388,0.016535,0.0,0.029101,0.0,0.005857,0.0,0.0,0.0031630000000000004,0.005154,0.002059,0.0,0.0,0.0,0.010046,0.0,0.015078000000000001,0.036319,0.038333,0.027163,0.0,0.0,0.028530000000000003,0.014360999999999999,0.0,0.011118,0.030615,0.015301,0.002716,0.0,0.008582,0.0,0.0,0.0,0.011568,0.0,0.0,0.0,0.0,0.0,0.0,0.0,0.0,0.0,0.0,0.0,0.0,0.0,0.0,0.0,0.0,0.0,0.0,0.0,0.0,0.0,0.0,0.01199,0.0
2004-01-05,0.0,0.0,0.008076999999999999,0.044716,0.040428,0.031779,0.007671,0.0,0.0,0.0,0.0,0.0,0.022644,0.0034820000000000003,0.004685,0.005311,0.0,0.0,0.013619000000000001,0.059794,0.008152,0.015872,0.042462,0.014341,0.025355,0.008612999999999999,0.0,0.16392099999999998,0.0,0.0,0.009192,0.0,0.0,0.007423999999999999,0.011014,0.017509999999999998,0.0,0.006705,0.021414,0.0,0.0,0.0,0.0,0.0,0.01922,0.006918,0.0,0.006097,0.0063349999999999995,0.022250000000000002,0.016043,0.0,0.025905,0.0,0.010548,0.0,0.0,0.003202,0.005657,0.002125,0.0,0.0,0.0,0.010156,0.0,0.015415000000000002,0.033736999999999996,0.036589,0.031861,0.0,0.0,0.029977,0.016079,0.0,0.010923,0.031853,0.017336,0.003053,0.0,0.014643999999999999,0.0,0.0,0.0,0.010806,0.0,0.0,0.0,0.0,0.0,0.0,0.0,0.0,0.0,0.0,0.0,0.0,0.0,0.0,0.0,0.0,0.007668,0.0,0.0,0.0,0.0,0.0,0.01142,0.0
2004-04-19,0.0,0.0,0.009181,0.038804,0.035643,0.02709,0.008735,0.0,0.0,0.008819,0.0,0.0,0.035265,0.0,0.006731,0.006216,0.0,0.0,0.012456,0.056697,0.006863,0.012928,0.043914,0.015769,0.019921,0.009479999999999999,0.0,0.134863,0.0,0.0,0.010062,0.0,0.0,0.0,0.011384,0.015516,0.0,0.0,0.019789,0.0,0.0,0.0,0.0,0.0,0.016184,0.005391,0.0,0.0066159999999999995,0.007518,0.037033,0.015996999999999997,0.0,0.024355,0.0,0.018589,0.0,0.0,0.00484,0.005324,0.002437,0.0,0.0,0.0,0.01149,0.0,0.015371999999999999,0.030975000000000003,0.037459,0.031481,0.0,0.0,0.028641,0.018479000000000002,0.005758,0.010530999999999999,0.031024,0.016465,0.003097,0.0,0.028652,0.012742,0.0,0.0,0.010847,0.0,0.0,0.0,0.0,0.0,0.0,0.0,0.0,0.0,0.0,0.0,0.0,0.0,0.0,0.0,0.0,0.006899,0.0,0.0,0.0,0.0,0.0,0.009677,0.0
2004-07-19,0.0,0.0,0.008685,0.04316,0.041767000000000006,0.031042999999999998,0.00862,0.0,0.0,0.007784,0.0,0.0,0.041120000000000004,0.0,0.006438,0.005177,0.0,0.0,0.012996,0.051273,0.008622,0.010827,0.04242,0.008369,0.017984,0.007403999999999999,0.0,0.131768,0.0,0.0,0.008531,0.0,0.0,0.0,0.010771,0.015571999999999999,0.0,0.0,0.021486,0.0,0.010171,0.0,0.0,0.0,0.015470999999999999,0.0,0.0,0.0058260000000000004,0.007803,0.028934,0.018085,0.0,0.0194,0.0,0.014995000000000001,0.0,0.0,0.005011,0.005189,0.00269,0.0,0.0,0.0,0.011418,0.0,0.016619,0.032841999999999996,0.042971,0.032325,0.0,0.0,0.03241,0.019031,0.0058779999999999995,0.011536999999999999,0.034122,0.017516,0.003401,0.0,0.022104,0.010816,0.0,0.0,0.013006,0.0,0.0,0.0,0.0,0.0,0.0,0.0,0.0,0.0,0.0,0.0,0.0,0.0,0.0,0.0,0.0,0.008245,0.0,0.0,0.0,0.0,0.0,0.010366,0.0
2004-12-10,0.0,0.0,0.008964999999999999,0.043060999999999995,0.040716999999999996,0.034733,0.011789,0.0,0.0,0.008178,0.0,0.0,0.042496,0.0,0.005999,0.003878,0.0,0.0,0.013143,0.042647000000000004,0.010145,0.011335,0.052271,0.008159,0.017626,0.008268,0.0,0.13530699999999998,0.0,0.0,0.006475,0.0,0.0,0.0,0.010006,0.01786,0.0,0.0,0.024041,0.0,0.0076029999999999995,0.0,0.0,0.0,0.01363,0.0,0.0,0.0,0.006646999999999999,0.024542,0.019568000000000002,0.0,0.019691,0.0,0.011008,0.0,0.0,0.005926,0.0053890000000000006,0.0026279999999999997,0.0,0.0,0.0,0.011845000000000001,0.0,0.018525,0.031987999999999996,0.042459,0.0278,0.0,0.0,0.029502,0.020621,0.007047,0.011431,0.03535,0.018423000000000002,0.0029170000000000003,0.0,0.018577999999999997,0.00818,0.0,0.0,0.012466,0.0,0.0,0.0,0.0,0.0,0.0,0.0,0.0,0.0,0.0,0.0,0.0,0.011468,0.0,0.0,0.0,0.008535000000000001,0.0,0.0,0.0,0.0,0.0,0.009132,0.0
2005-01-24,0.0,0.0,0.008464000000000001,0.045629,0.039821,0.034835,0.011043,0.0,0.0,0.007269,0.0,0.0,0.042266000000000005,0.0,0.006373,0.00435,0.0,0.0,0.013375,0.041933,0.009877,0.010967,0.05366,0.007538,0.015653999999999998,0.008123,0.0,0.134874,0.0,0.0,0.0061270000000000005,0.0,0.0,0.0,0.009725000000000001,0.016872,0.0,0.0,0.027277999999999997,0.0,0.007963,0.0,0.0,0.0,0.012345,0.0,0.0,0.0,0.006979999999999999,0.027548,0.019793,0.0,0.016911,0.0,0.011094,0.0,0.0,0.0057269999999999995,0.0051719999999999995,0.0026829999999999996,0.0,0.0,0.0,0.012157,0.0,0.018056000000000003,0.031348,0.04165,0.024467,0.009233,0.0,0.028730000000000002,0.020308000000000003,0.00791,0.011818,0.033879,0.017957,0.0,0.0,0.019911,0.008619,0.0,0.0,0.012485999999999999,0.0,0.0,0.0,0.0,0.0,0.0,0.0,0.0,0.0,0.0,0.0,0.0,0.011358,0.0,0.0,0.0,0.008772,0.0,0.0,0.0,0.0,0.0,0.009068,0.0
2005-04-18,0.0,0.0,0.007699,0.043867,0.037936,0.036596000000000004,0.008926,0.0,0.0,0.006725999999999999,0.0,0.0,0.040033000000000006,0.0,0.006287,0.003882,0.0,0.0,0.013557999999999999,0.03933,0.009682,0.011442,0.055674,0.0,0.015737,0.009274,0.0,0.1437,0.0,0.0,0.005211,0.0,0.0,0.0,0.00884,0.017047,0.0,0.0,0.025618,0.0,0.006844,0.0,0.0,0.0,0.012920000000000001,0.0,0.0,0.0,0.006327,0.029266,0.033898000000000005,0.0,0.023355,0.0,0.011079,0.0,0.0,0.006128,0.00584,0.002535,0.0,0.0,0.0,0.010052,0.0,0.016064000000000002,0.029532,0.039203999999999996,0.022075,0.008491,0.0,0.026699,0.018979,0.0076170000000000005,0.011504,0.032124,0.01591,0.0,0.0,0.024027,0.0078000000000000005,0.0,0.0,0.011434999999999999,0.0,0.0,0.0,0.0,0.0,0.0,0.0,0.0,0.004071,0.0,0.0,0.0,0.011458999999999999,0.0,0.0,0.0,0.009418,0.0,0.0,0.0,0.0,0.0,0.008279,0.0
2005-07-19,0.0,0.0,0.007121,0.040039,0.032595,0.029634999999999998,0.010230999999999999,0.0,0.0,0.0,0.0,0.0,0.035226,0.0,0.005412,0.0,0.0,0.0,0.013295,0.046826,0.010227,0.011319999999999998,0.063528,0.0,0.015232,0.010666,0.0,0.150138,0.0,0.0,0.005790999999999999,0.0,0.0,0.0,0.009527,0.018026,0.010433,0.0,0.026265,0.0,0.0,0.0,0.0,0.0,0.013707,0.0,0.0,0.0,0.006824,0.029505,0.030912000000000002,0.0,0.025255,0.0,0.011675,0.0,0.014704,0.004867,0.004551,0.002308,0.0,0.0,0.0,0.009313,0.0,0.014755,0.027558,0.038036,0.021648,0.008048,0.0,0.025606,0.017523,0.007448,0.01004,0.028883000000000002,0.015359000000000001,0.0,0.0,0.023407,0.007405,0.0,0.0,0.009941,0.0,0.0,0.0,0.0,0.0,0.0,0.0,0.0,0.0034000000000000002,0.0,0.0,0.0,0.01061,0.00943,0.0,0.0,0.008058,0.0,0.0,0.0,0.0,0.0,0.0076890000000000005,0.0
2005-08-31,0.0,0.0,0.0,0.041264,0.033616,0.03153,0.010225,0.0,0.0,0.0,0.0,0.0,0.033683,0.0,0.005264,0.0,0.0,0.0,0.013326,0.043811,0.011056999999999999,0.010219,0.063607,0.0,0.017467,0.010321,0.0,0.14311,0.0,0.0,0.004852,0.0,0.0,0.0,0.008498,0.020836,0.010739,0.0,0.025795,0.0,0.0,0.0,0.0,0.0,0.012768,0.0,0.0,0.0,0.005821,0.03249,0.034442,0.0,0.027891,0.0,0.009487,0.0,0.018816,0.004682,0.003977,0.002497,0.0,0.0,0.0,0.009396,0.0,0.014943999999999999,0.027313,0.039108000000000004,0.020418,0.007851,0.0,0.027741,0.016431,0.007704,0.00984,0.02955,0.015838,0.0,0.0,0.023777,0.0059440000000000005,0.0,0.0,0.010676000000000001,0.0,0.0,0.0,0.0,0.0,0.0,0.004796,0.0,0.003598,0.0,0.0,0.0,0.009273,0.007403,0.0,0.0,0.009088,0.0,0.0,0.0,0.0,0.0,0.007223,0.0
2005-10-24,0.0,0.0,0.0,0.041995,0.032195,0.031673,0.008589,0.0,0.0,0.0,0.0,0.0,0.032062,0.0,0.005575,0.0,0.0,0.0,0.014745,0.043961,0.011488,0.010658,0.067428,0.0,0.016976,0.011442,0.0,0.142256,0.0,0.0,0.0,0.0,0.0,0.0,0.008109,0.026185999999999997,0.011437,0.0,0.029341,0.0,0.0,0.0,0.0,0.0,0.012222,0.0,0.0,0.0,0.005079,0.026383999999999998,0.033873,0.0,0.028997000000000002,0.007127,0.007462,0.0,0.0204,0.004137,0.0034360000000000003,0.002406,0.0,0.0,0.0,0.008884999999999999,0.0,0.014206000000000002,0.027349000000000002,0.039471,0.018651,0.007221,0.0,0.028241000000000002,0.014434,0.012292,0.009008,0.026425999999999998,0.015602,0.0,0.0,0.018955,0.0052829999999999995,0.0,0.0,0.009550999999999999,0.0,0.0,0.0,0.0,0.0,0.0,0.011301,0.0,0.003231,0.0,0.0,0.0,0.009325,0.006228,0.0,0.0,0.009475,0.0,0.0,0.0,0.0,0.0,0.0072250000000000005,0.0
2006-01-23,0.0,0.0,0.0,0.037853,0.033821,0.02828,0.008799,0.0,0.0,0.0,0.0,0.0,0.02759,0.0,0.0048449999999999995,0.0,0.0,0.0,0.014977,0.036081,0.012169000000000001,0.013063,0.08614100000000001,0.0,0.014367000000000001,0.013441000000000002,0.0,0.155224,0.0,0.0,0.0,0.0,0.0,0.0,0.008652,0.023094,0.011893,0.0,0.030251,0.0,0.0,0.0,0.0,0.0,0.010215,0.0,0.0,0.0,0.005052999999999999,0.027696000000000002,0.028988999999999997,0.0,0.028201999999999998,0.006753,0.007844,0.0,0.031313,0.0037519999999999997,0.00302,0.002089,0.0,0.0,0.0,0.008404,0.0,0.012861000000000001,0.022274,0.033615,0.016603,0.0063690000000000005,0.0,0.023799,0.012383,0.010516000000000001,0.015825,0.024211999999999997,0.013634,0.0,0.0,0.024484,0.006222999999999999,0.009214,0.0,0.008777,0.0,0.0,0.0,0.0,0.0,0.0,0.009122,0.0,0.0026939999999999998,0.0,0.0,0.0,0.009183,0.0,0.0,0.0,0.007702,0.0,0.0,0.0,0.0,0.0,0.006638,0.0
2006-04-24,0.0,0.0,0.0,0.033984,0.032073,0.025097,0.009177,0.0,0.0,0.0,0.0,0.0,0.029976,0.0,0.0,0.0,0.0,0.0,0.016093,0.039566,0.015106999999999999,0.013720000000000001,0.083215,0.0,0.016131,0.013384,0.0,0.153931,0.0,0.0,0.0,0.0,0.0,0.0,0.006424,0.016576,0.015953,0.0,0.033491,0.0,0.0,0.0,0.0,0.0,0.011152,0.0,0.0,0.0,0.004654,0.028381,0.027911000000000002,0.0,0.030147,0.008597,0.007007,0.0,0.042450999999999996,0.0035809999999999995,0.0028100000000000004,0.001907,0.0,0.0,0.0,0.00812,0.0,0.012787999999999999,0.020589,0.032061,0.015652,0.006412,0.0,0.023824,0.012439,0.010154000000000002,0.014671,0.021821,0.012584999999999999,0.0,0.0,0.021457999999999998,0.006609,0.008769,0.0,0.008701,0.0,0.0,0.0,0.0,0.0,0.0,0.008975,0.0,0.002543,0.0,0.0,0.0,0.008518,0.0,0.0,0.0,0.007049,0.0,0.0,0.0,0.0066549999999999995,0.0,0.007116,0.0
2006-07-24,0.0,0.0,0.011293,0.033282,0.033723,0.026373999999999998,0.009795,0.0,0.0,0.0,0.0,0.0,0.03179,0.0,0.0,0.0,0.0,0.0,0.016055,0.033991,0.016876,0.012895,0.07618,0.0,0.014098999999999999,0.012384,0.0,0.140117,0.0,0.0,0.0,0.0,0.0,0.0,0.0,0.013964,0.017853,0.0,0.030567,0.0,0.0,0.0,0.0,0.0,0.010183,0.0,0.0,0.0,0.0057399999999999994,0.027486999999999998,0.028908999999999997,0.0,0.024424,0.009434,0.005844,0.0,0.041872,0.003941,0.0,0.0,0.0,0.0,0.0,0.010339000000000001,0.0,0.013158000000000001,0.019302,0.040116,0.017225,0.006417000000000001,0.0,0.025225,0.012984,0.014048,0.014544999999999999,0.022893,0.013763000000000001,0.0,0.0,0.020604,0.006614999999999999,0.007763,0.0,0.009126,0.0,0.004403000000000001,0.0,0.0,0.0,0.0,0.00914,0.0,0.008171000000000001,0.0,0.0,0.0,0.008386,0.0,0.0,0.0,0.007614999999999999,0.0,0.0,0.006914,0.004273,0.0,0.007908,0.0
2006-09-20,0.0,0.0,0.011525,0.031301,0.031116,0.023803,0.009506,0.0,0.0,0.0,0.0,0.0,0.02706,0.0,0.0,0.0,0.0,0.0,0.014597,0.03142,0.017164,0.013619000000000001,0.090395,0.0,0.013483,0.013706000000000001,0.0,0.13908099999999998,0.0,0.0,0.0,0.0,0.0,0.0,0.0,0.01595,0.023978000000000003,0.0,0.031623,0.0,0.0,0.0,0.0,0.0,0.010019,0.0,0.0,0.0,0.005467,0.034828,0.025245000000000004,0.0,0.02767,0.010985,0.005044,0.0,0.048174,0.0030719999999999996,0.0,0.0,0.0,0.0,0.0,0.008584000000000001,0.0,0.011267000000000001,0.019274,0.035107,0.016359,0.005866,0.0,0.022968000000000002,0.010822,0.012565999999999999,0.013241000000000001,0.023458,0.011324,0.0,0.008122,0.020328,0.0,0.00734,0.0,0.008614,0.0,0.003761,0.0,0.0,0.0,0.0,0.007951,0.0,0.0074270000000000004,0.0,0.0,0.0,0.008933,0.0,0.0,0.0,0.00768,0.0,0.0,0.007039999999999999,0.004608999999999999,0.0,0.00753,0.0
2007-01-22,0.004625000000000001,0.0,0.010182,0.031198,0.031299,0.024108,0.008945999999999999,0.0,0.0,0.0,0.0,0.0,0.027639999999999998,0.0,0.0,0.0,0.0,0.0,0.013183,0.028458,0.01659,0.01321,0.129165,0.0,0.011068,0.014844,0.0,0.13682,0.0,0.0,0.0,0.0,0.0,0.0,0.0,0.014518999999999999,0.026858,0.0,0.031371,0.0,0.0,0.0,0.0,0.0,0.009732,0.0,0.0,0.0,0.005148000000000001,0.033564,0.028952,0.0,0.027812999999999997,0.011409,0.0041199999999999995,0.0,0.023403999999999998,0.0,0.0,0.0,0.0,0.0,0.0,0.008212,0.0,0.011054999999999999,0.017603,0.034003,0.015992,0.005365,0.0,0.019453,0.010747,0.011912,0.012001,0.022101000000000003,0.011035999999999999,0.0,0.004852,0.0158,0.0,0.006834,0.0,0.007534999999999999,0.0,0.003475,0.018476,0.0,0.0,0.0,0.006835,0.0,0.008315,0.0,0.0,0.0,0.008503,0.0,0.0,0.0,0.00701,0.0,0.0,0.0054410000000000005,0.0,0.0,0.009219,0.0
2007-03-21,0.004533,0.004289,0.010908,0.036014,0.034981,0.026865,0.009009,0.0,0.0,0.0,0.0,0.0,0.031462,0.0,0.0,0.0,0.0,0.0,0.012837000000000001,0.028706999999999996,0.016269,0.01424,0.116278,0.0,0.011082000000000002,0.018431,0.0,0.139973,0.0,0.0,0.0,0.0,0.0,0.0,0.0,0.015299,0.022593000000000002,0.0,0.029532,0.0,0.0,0.0,0.0,0.0,0.009146,0.0,0.0,0.0,0.005792,0.038231,0.030516,0.0,0.026803,0.008399,0.003987,0.0,0.022189999999999998,0.0,0.0,0.0,0.0,0.0,0.0,0.00757,0.0,0.011266,0.01771,0.033715999999999996,0.016056,0.005083,0.0,0.018279,0.010343999999999999,0.010999000000000002,0.011305,0.021253,0.010755999999999998,0.0,0.004294,0.017648999999999998,0.0,0.006281999999999999,0.0,0.008492,0.0,0.003717,0.019524,0.0,0.0,0.0,0.007528,0.0,0.008051,0.0,0.0,0.0,0.0,0.0,0.0,0.0,0.007286,0.0,0.0,0.005614,0.0,0.0,0.008859,0.0
2007-04-23,0.004915,0.004551,0.011407,0.037277,0.036037,0.026917,0.009866,0.0,0.0,0.0,0.0,0.0,0.033343,0.0,0.0,0.0,0.0,0.0,0.012401,0.02785,0.01534,0.014495000000000001,0.113926,0.0,0.011313,0.018545,0.0,0.133159,0.0,0.0,0.0,0.0,0.0,0.0,0.0,0.015109999999999998,0.022933,0.0,0.027168,0.0,0.0,0.0,0.0,0.0,0.008595,0.0,0.0,0.0,0.0057799999999999995,0.040178000000000005,0.03087,0.0,0.028691,0.007937999999999999,0.0,0.0,0.022166,0.0,0.0,0.0,0.0,0.0,0.0,0.007272,0.0,0.010690999999999999,0.017478,0.032739,0.015117,0.004818,0.009521,0.018253,0.009564,0.011269,0.010672,0.021381999999999998,0.010466999999999999,0.0,0.003919000000000001,0.01798,0.0,0.0064659999999999995,0.0,0.008519,0.0,0.0035399999999999997,0.023051,0.0,0.0,0.0,0.007265000000000001,0.0,0.007921000000000001,0.0,0.0,0.0,0.0,0.0,0.0,0.0,0.007541,0.0,0.0,0.004973,0.0,0.0,0.008813999999999999,0.0
2007-07-23,0.005302,0.004736000000000001,0.010457000000000001,0.038998,0.034481000000000005,0.026312000000000002,0.010746,0.0,0.0,0.0,0.0,0.0,0.030296,0.0,0.0,0.0,0.0,0.0,0.010516000000000001,0.023351999999999998,0.015469,0.013931,0.122382,0.0,0.011992000000000001,0.017423,0.0,0.150257,0.0,0.0,0.0,0.0,0.0,0.0,0.0,0.013634,0.021482,0.0,0.028381,0.0,0.0,0.0,0.0,0.0,0.007798,0.0,0.0,0.0,0.005052,0.035045,0.024998,0.0,0.036477,0.008322000000000001,0.0,0.0,0.020852,0.0,0.0,0.0,0.0,0.0,0.0,0.0066500000000000005,0.0,0.009044,0.015891,0.03508,0.013212,0.003928,0.011597999999999999,0.015972,0.00882,0.012169000000000001,0.010481,0.019294,0.009377,0.002789,0.0,0.016163,0.0,0.005603,0.0,0.007763,0.0,0.0033,0.0304,0.0,0.0,0.0,0.006803,0.0,0.007272999999999999,0.0,0.0,0.0,0.0,0.0,0.0,0.0,0.007885999999999999,0.0,0.0,0.004396,0.0,0.0,0.007417,0.0
2007-10-22,0.0070220000000000005,0.005921999999999999,0.014516,0.044558999999999994,0.043577000000000005,0.029689,0.012065,0.0,0.0,0.0,0.0,0.0,0.033645999999999995,0.0,0.0,0.0,0.0,0.0,0.008832,0.016819999999999998,0.016125,0.012298,0.122378,0.0,0.011204,0.017834000000000003,0.0,0.131166,0.0,0.0,0.0,0.0,0.009112,0.0,0.0,0.013288,0.022328999999999998,0.0,0.028798,0.0,0.0,0.0,0.0,0.0,0.007275,0.0,0.0,0.0,0.006228,0.043438,0.025447,0.0,0.037934999999999997,0.00743,0.0,0.0,0.028769,0.0,0.0,0.0,0.0,0.0,0.0,0.006367,0.0,0.008227,0.01395,0.029819,0.011715999999999999,0.0,0.011482000000000001,0.013945,0.007474,0.008992,0.008350999999999999,0.016427,0.008796,0.0026810000000000002,0.0,0.017605,0.0,0.004893,0.0,0.008107,0.0,0.002633,0.028742,0.0,0.0,0.0,0.0062439999999999996,0.0,0.0069169999999999995,0.0,0.0,0.0,0.0,0.0,0.0,0.0,0.008226,0.0,0.0,0.004289,0.0,0.0,0.0064139999999999996,0.0
2008-04-21,0.007715,0.006378,0.013509,0.044246999999999995,0.036758,0.028325,0.015247,0.0,0.0,0.0,0.009101,0.0,0.037076,0.0,0.0,0.0,0.0,0.0,0.0068969999999999995,0.015929,0.012675,0.011126,0.099237,0.0,0.01064,0.01502,0.0,0.145205,0.0,0.0,0.0,0.0,0.007814999999999999,0.0,0.0,0.013261,0.013196000000000001,0.0,0.030742,0.0,0.0,0.0,0.0,0.0,0.007103000000000001,0.0,0.0,0.0,0.005766,0.038571,0.031379000000000004,0.0,0.024628999999999998,0.0,0.0,0.0,0.036747999999999996,0.0038669999999999998,0.0,0.0,0.0,0.0,0.0,0.007893,0.0,0.012133,0.017725,0.032534,0.013946,0.0,0.016418,0.018994,0.007724999999999999,0.009435,0.009066999999999999,0.023038,0.013774999999999999,0.0034620000000000002,0.0,0.018305000000000002,0.0,0.0,0.0,0.008853999999999999,0.0,0.002403,0.021193,0.0,0.0,0.0,0.007015,0.0,0.009891,0.0,0.0,0.0,0.0,0.0,0.0,0.0,0.008154,0.0,0.0,0.003176,0.0,0.0,0.006706999999999999,0.0
2008-10-20,0.004043,0.00508,0.015986,0.043707,0.037481,0.030503999999999996,0.009701,0.0,0.0,0.0,0.004753,0.0,0.036324999999999996,0.0,0.0,0.0,0.0,0.0,0.007574999999999999,0.014598,0.018097000000000002,0.008761999999999999,0.09753600000000001,0.0,0.013031999999999998,0.014517,0.0,0.17075800000000002,0.0,0.0,0.0,0.0,0.007795,0.0,0.0,0.018216,0.00996,0.0,0.031695,0.0,0.0,0.0,0.0,0.0,0.009205,0.0,0.0,0.0,0.003737,0.036735000000000004,0.039247000000000004,0.0,0.034879,0.0,0.0,0.0,0.047192,0.003165,0.0,0.0,0.0,0.0,0.0,0.008264,0.0,0.010950999999999999,0.015155,0.025811,0.011116999999999998,0.0,0.014103000000000001,0.012771999999999999,0.0,0.004608,0.006421,0.016145,0.010747,0.004155,0.0,0.014063,0.0,0.0,0.0,0.011092,0.00553,0.001454,0.015888,0.0,0.0,0.0,0.008406,0.0,0.009231,0.0,0.0,0.0,0.0,0.0,0.0,0.0,0.010548,0.0,0.0,0.0029370000000000004,0.0,0.0,0.006321,0.0
2009-01-20,0.006693,0.006077,0.017103,0.045887000000000004,0.032381,0.026268,0.0124,0.0,0.0,0.0,0.006758999999999999,0.0,0.036699,0.0031669999999999997,0.0,0.0,0.0,0.0,0.007562,0.01207,0.016760999999999998,0.008334000000000001,0.07758899999999999,0.0,0.011228,0.014282999999999999,0.0,0.177614,0.0,0.0,0.0,0.0,0.007612,0.0,0.0,0.018675999999999998,0.01022,0.0,0.021714,0.0,0.0,0.0,0.0,0.0,0.009578,0.0,0.0,0.0,0.003487,0.035588,0.04913700000000001,0.0,0.034016000000000005,0.0,0.0,0.0,0.040639,0.0036349999999999998,0.0,0.0,0.0,0.0,0.0,0.008896,0.0,0.012507999999999998,0.020259,0.028108,0.011506,0.0,0.012841,0.014022,0.0,0.0063360000000000005,0.006946,0.017766,0.011646,0.004765,0.0,0.009959,0.0,0.0,0.0,0.013954,0.0061660000000000005,0.0,0.013809,0.0,0.0,0.0,0.008853,0.0,0.010433,0.0,0.0,0.0,0.0,0.0,0.0,0.0,0.018512,0.0,0.0,0.0027500000000000003,0.0,0.0,0.0067859999999999995,0.0
2009-05-13,0.006647999999999999,0.0063019999999999994,0.015432999999999999,0.042935,0.032798,0.027397,0.014496,0.0,0.0,0.0,0.008362000000000001,0.0,0.029733999999999997,0.004499,0.0,0.0,0.0,0.0,0.0069240000000000005,0.015666,0.014838,0.010111000000000002,0.09495799999999999,0.0,0.013303,0.015587,0.0,0.169134,0.0,0.0,0.0,0.0,0.006999999999999999,0.0,0.0,0.018136,0.009687,0.0,0.023471000000000002,0.0,0.0,0.0,0.0,0.0,0.010883,0.0,0.0,0.0,0.0,0.035466000000000004,0.034416,0.0,0.036485,0.0,0.0,0.0,0.040494,0.0031730000000000005,0.0,0.0,0.0,0.0,0.0,0.007546000000000001,0.0,0.01042,0.02178,0.026102,0.011614,0.0,0.017048,0.014575,0.0,0.007368,0.008192,0.020758000000000002,0.010107999999999999,0.003855,0.0,0.011536,0.0,0.0,0.0,0.011235,0.007769000000000001,0.002201,0.015181,0.0,0.0,0.0,0.006981,0.0,0.009239,0.0,0.0,0.0,0.0,0.0,0.0,0.0,0.018422,0.0,0.0,0.003049,0.0,0.0,0.0066879999999999995,0.0
2010-01-18,0.005183999999999999,0.00477,0.013361000000000001,0.039448,0.034509,0.027700999999999996,0.013183,0.0,0.0,0.0,0.008264,0.0,0.031198,0.005319000000000001,0.0,0.0,0.0,0.0,0.009896,0.016029,0.015182,0.011420999999999999,0.119598,0.0,0.018098,0.012934000000000001,0.0,0.150363,0.0,0.0,0.0,0.0,0.008621,0.0,0.0,0.025312,0.011507,0.0,0.027253,0.0,0.0,0.0,0.0,0.0,0.012306,0.0,0.0,0.0,0.0,0.033044,0.027902999999999997,0.008365000000000001,0.04364899999999999,0.0,0.0,0.0,0.027226,0.0,0.0,0.0,0.0,0.0,0.0,0.0065780000000000005,0.0,0.008601,0.021858,0.026080000000000002,0.010407999999999999,0.0,0.012915000000000001,0.014104,0.0,0.0073089999999999995,0.007996,0.016986,0.008383,0.002882,0.0,0.013302000000000001,0.0,0.0,0.0,0.010077000000000001,0.011129,0.0051270000000000005,0.01693,0.0,0.0,0.0,0.005547,0.0,0.007541,0.0,0.0,0.0,0.0,0.0,0.0,0.0,0.01463,0.0,0.0,0.0032040000000000003,0.0,0.0,0.006770000000000001,0.0
2010-03-18,0.004661,0.004335,0.013531,0.041616999999999994,0.036923,0.030621,0.012272,0.0,0.0,0.0,0.007326,0.0,0.031543,0.00527,0.0,0.0,0.0,0.0,0.00914,0.01576,0.015993,0.010872999999999999,0.11525600000000001,0.0,0.017816000000000002,0.011585000000000002,0.0,0.150928,0.0,0.0,0.0,0.0,0.00883,0.0,0.0,0.024931000000000002,0.011092999999999999,0.0,0.023722,0.0,0.0,0.0,0.0,0.0,0.011586,0.0,0.0,0.0,0.0,0.031454,0.028050000000000002,0.007177,0.043070000000000004,0.0,0.0,0.0,0.026213,0.0,0.0,0.0,0.0,0.0,0.0,0.006436,0.0,0.009038000000000001,0.022776,0.02524,0.009777000000000001,0.0,0.011675,0.014698,0.0,0.006763,0.007078999999999999,0.016584,0.008078,0.0030559999999999997,0.0,0.0,0.0,0.0,0.0,0.010291999999999999,0.010604,0.005603,0.036318,0.0,0.0,0.0,0.005881999999999999,0.0,0.007469,0.0,0.0,0.0,0.0,0.0,0.005463,0.0,0.015632999999999998,0.0,0.0,0.003169,0.0,0.0,0.006790000000000001,0.0
2010-06-24,0.004745,0.00451,0.014212,0.042755999999999995,0.032499,0.032045,0.012729999999999998,0.0,0.0,0.0,0.007155,0.0,0.030775,0.005749,0.0,0.0,0.0,0.0,0.008738000000000001,0.014787999999999999,0.019624,0.011504,0.107797,0.0,0.017723,0.011875,0.0,0.16501000000000002,0.0,0.0,0.0,0.0,0.010076,0.0,0.0,0.022646000000000003,0.011516,0.0,0.014708,0.0,0.0,0.0,0.0,0.0,0.011762,0.0,0.0,0.0,0.0,0.027434,0.031094,0.007061,0.042435,0.0,0.0,0.0,0.034136,0.0,0.0,0.0,0.0,0.0,0.0,0.006424999999999999,0.0,0.009313,0.023138000000000002,0.024302999999999998,0.009953,0.0,0.011156999999999999,0.014974000000000001,0.0,0.006808999999999999,0.00729,0.016942,0.008385,0.004155,0.0,0.0,0.0,0.0,0.0,0.011833,0.010033,0.0048070000000000005,0.026924999999999998,0.0,0.0,0.0,0.006518,0.0,0.007996999999999999,0.0,0.0,0.0,0.0,0.0,0.005228,0.0,0.015732,0.0,0.0,0.003543,0.0,0.0,0.007437,0.0
2010-06-29,0.004703,0.004544,0.014565,0.04277,0.032373,0.032473,0.012322999999999999,0.0,0.0,0.0,0.006703,0.0,0.030906,0.005733,0.0,0.0,0.0,0.0,0.008654,0.014521,0.019435,0.011525,0.107015,0.0,0.017555,0.011581999999999999,0.0,0.16546,0.0,0.0,0.0,0.0,0.009781999999999999,0.0,0.0,0.021880999999999998,0.011371,0.0,0.015958,0.0,0.0,0.0,0.0,0.0,0.011653,0.0,0.0,0.0,0.0,0.027642000000000003,0.031381,0.006696,0.039356,0.0,0.0,0.0,0.033889999999999997,0.0,0.0,0.0,0.0,0.0,0.0,0.007232,0.0,0.009496,0.023478,0.025078,0.0103,0.0,0.01126,0.015327,0.0,0.007147,0.007538,0.017728999999999998,0.009075999999999999,0.004068,0.0,0.0,0.0,0.0,0.0,0.011904999999999999,0.009661,0.004768,0.026227,0.0,0.0,0.0,0.006512,0.005555,0.008582,0.0,0.0,0.0,0.0,0.0,0.0,0.0,0.01562,0.0,0.0,0.0036149999999999997,0.0,0.0,0.007374,0.0
2011-01-24,0.009381,0.005842000000000001,0.013745,0.047541,0.048715,0.033114,0.013519000000000002,0.0,0.0,0.0,0.006569,0.0,0.026918,0.0053100000000000005,0.0,0.0,0.0,0.0,0.007335,0.018218,0.019725,0.013265,0.08944200000000001,0.0,0.013399000000000001,0.009578999999999999,0.0,0.154929,0.0,0.0,0.0,0.0,0.009368,0.0,0.0,0.017558,0.010527,0.0,0.012967,0.0,0.0,0.0,0.0,0.0,0.014292000000000001,0.0,0.0,0.0,0.0,0.0202,0.027839999999999997,0.006777,0.03487,0.0,0.0,0.0,0.058198,0.0,0.0,0.0,0.0,0.0025269999999999997,0.0,0.009108,0.0,0.009169,0.020593,0.032353,0.011708000000000001,0.0,0.014548,0.014793,0.0,0.007379,0.0076690000000000005,0.018838,0.010492999999999999,0.007906,0.0,0.0,0.0,0.0,0.0,0.010211,0.00905,0.0,0.020573,0.0036149999999999997,0.0,0.0,0.005484,0.005161,0.008836,0.0,0.0,0.0,0.0,0.0,0.0,0.0,0.014416,0.0,0.0,0.0,0.0,0.0,0.006427,0.0
2011-06-20,0.012241,0.007317000000000001,0.014055999999999999,0.054367,0.050782999999999995,0.037732999999999996,0.012611,0.0,0.0,0.0,0.005229,0.0,0.028073999999999998,0.01012,0.0,0.0,0.0,0.0,0.0067989999999999995,0.015204,0.015998000000000002,0.012188000000000001,0.07806300000000001,0.0,0.012618,0.00898,0.0,0.157411,0.0,0.0,0.0,0.0,0.008323,0.0,0.0,0.010701,0.010934,0.0,0.014117999999999999,0.0,0.0,0.0,0.0,0.0,0.015442,0.0,0.0,0.0,0.0,0.014814,0.030807,0.006475,0.027149999999999997,0.007443999999999999,0.0,0.0,0.066803,0.0,0.0,0.0,0.0,0.0032129999999999997,0.0,0.008387,0.0,0.008551999999999999,0.022012,0.027308,0.010306,0.0,0.012736,0.016568,0.0,0.006216,0.0069440000000000005,0.020055999999999997,0.009146,0.009894,0.007536,0.0,0.0,0.0,0.0,0.012563,0.008244,0.0,0.015266,0.012175,0.0,0.0,0.005881999999999999,0.0,0.008285,0.0,0.0,0.0,0.0,0.0,0.0,0.0,0.015909,0.0,0.0,0.0,0.0,0.0,0.0,0.0
2011-09-19,0.011853,0.0075309999999999995,0.016721,0.046269,0.047914000000000005,0.032417,0.011640999999999999,0.0,0.0,0.0,0.005884,0.006187000000000001,0.031141000000000002,0.011923,0.006575,0.0,0.0,0.0,0.006585,0.013643,0.017201,0.018079,0.069119,0.0,0.011907000000000001,0.008302,0.0,0.16780899999999999,0.0,0.0,0.0,0.0,0.010206999999999999,0.0,0.0,0.008804,0.011054,0.0,0.017242,0.0,0.0,0.0,0.0,0.0,0.014953000000000001,0.0,0.0,0.0,0.0,0.010289999999999999,0.034792000000000003,0.0,0.031156000000000003,0.013597,0.0,0.0,0.061866000000000004,0.0,0.0,0.0,0.0,0.0,0.0,0.008945999999999999,0.0,0.008936,0.022961999999999996,0.025611000000000002,0.009507999999999999,0.0,0.012648,0.017684,0.0,0.005469000000000001,0.0068579999999999995,0.018414,0.010577000000000001,0.012426999999999999,0.007275,0.0,0.0,0.0,0.0,0.013314999999999999,0.006893,0.0,0.008325,0.011201000000000001,0.0,0.0,0.006885,0.0,0.008658,0.0,0.0,0.0,0.0,0.0,0.0,0.0,0.014749000000000002,0.0,0.0,0.0,0.0,0.0,0.0,0.0
2011-12-01,0.011711000000000001,0.007416000000000001,0.018244,0.047356999999999996,0.042236,0.032188,0.011828,0.0,0.0,0.0,0.0050349999999999995,0.004914,0.031998,0.011745,0.006621,0.0,0.0,0.0,0.0072699999999999996,0.016573,0.015221,0.017439,0.08301299999999999,0.0,0.011436,0.008442,0.0,0.188383,0.0,0.0,0.0,0.0,0.010777000000000002,0.0,0.0,0.008846,0.010009999999999998,0.0,0.015,0.0,0.0,0.0,0.0,0.0,0.016561,0.0,0.0,0.0,0.0,0.012084999999999999,0.036891,0.0,0.031252,0.010348999999999999,0.0,0.0,0.040068,0.0,0.0,0.0,0.0,0.0,0.0,0.008038,0.0,0.010295,0.020043000000000002,0.023087,0.009361000000000001,0.0,0.014395999999999999,0.016076,0.0,0.00492,0.006027,0.017252,0.009635,0.011359,0.00473,0.0,0.0,0.0,0.0,0.015712999999999998,0.007456000000000001,0.0,0.008979000000000001,0.0068520000000000005,0.0,0.0,0.008868000000000001,0.0,0.00861,0.0,0.0,0.0,0.0,0.0,0.0,0.0,0.017395,0.0,0.0,0.0,0.0,0.0,0.0,0.0
2012-03-19,0.011261,0.007016,0.016267,0.046672000000000005,0.045970000000000004,0.032615,0.01058,0.0,0.0,0.0,0.005019,0.005104,0.028682,0.011217,0.005977,0.0,0.008711,0.0,0.007174000000000001,0.01638,0.017745999999999998,0.016232,0.094636,0.0,0.012977,0.009188,0.0,0.178076,0.0,0.0,0.0,0.0,0.009847,0.0,0.0,0.01031,0.012817,0.0,0.01773,0.0,0.0,0.0,0.0,0.0,0.016981,0.0,0.0,0.0,0.0,0.011592,0.029144999999999997,0.0,0.030043,0.01377,0.0,0.0,0.044035000000000005,0.0,0.0,0.0,0.0,0.0,0.0,0.007526000000000001,0.0,0.009134,0.019721,0.022739,0.009121,0.0,0.014426000000000001,0.015483,0.0,0.0,0.006783,0.018420000000000002,0.00884,0.010370999999999998,0.005293,0.0,0.0,0.0,0.0,0.012355,0.008354,0.0,0.009479,0.007363,0.0,0.0,0.007885999999999999,0.0,0.0,0.0,0.0,0.00786,0.0,0.0,0.0,0.0,0.015076,0.0,0.0,0.0,0.0,0.0,0.0,0.0
2012-06-18,0.012031,0.008065,0.020072,0.045424,0.042595,0.031632,0.010152000000000001,0.0,0.0,0.0,0.004588999999999999,0.0,0.030129000000000003,0.012731,0.0058330000000000005,0.0,0.0076,0.0,0.007954,0.014926,0.020265,0.016082,0.085063,0.0,0.011548000000000001,0.008643,0.0,0.19065200000000002,0.0,0.0,0.0,0.0,0.010528,0.0,0.0,0.008249,0.011928000000000001,0.0,0.020488,0.0,0.0,0.0,0.0,0.0,0.021707999999999998,0.0,0.0,0.0,0.0,0.009934,0.032254,0.0,0.02864,0.013645000000000001,0.0,0.0,0.029609999999999997,0.0,0.0,0.0,0.0,0.0,0.0,0.0075060000000000005,0.0,0.009515000000000001,0.018493,0.021508,0.00953,0.0,0.012734,0.016971,0.0,0.0,0.007677000000000001,0.018272,0.009313,0.011271999999999999,0.005457,0.0,0.0,0.0,0.0,0.014570000000000001,0.007494,0.0,0.00823,0.007658000000000001,0.008875,0.0,0.009533,0.0,0.0,0.0,0.0,0.008154,0.0,0.0,0.0,0.0,0.014263999999999999,0.0,0.0,0.0,0.0,0.0,0.0,0.0
2013-06-24,0.010637,0.0073609999999999995,0.022662,0.030104000000000002,0.030626,0.026617000000000002,0.010995,0.0,0.0,0.0,0.00502,0.0,0.02637,0.013878999999999999,0.00421,0.0,0.010844,0.0,0.009772,0.014064,0.025932,0.013848000000000001,0.06790600000000001,0.0,0.006272,0.010097,0.0,0.23512,0.0,0.0,0.0,0.0,0.0,0.0,0.0,0.005422,0.006472,0.0,0.02038,0.0,0.0,0.0,0.0,0.0,0.011073,0.0,0.0,0.0,0.0,0.009092,0.03402,0.0,0.039015,0.01002,0.0,0.0,0.017554,0.0,0.0,0.0,0.0,0.0,0.0,0.007178,0.0,0.009903,0.02481,0.026214,0.010677,0.007668,0.01369,0.019429000000000002,0.0,0.0,0.009250000000000001,0.021277,0.010492,0.009811,0.008739,0.0,0.0,0.0,0.0,0.017213,0.0,0.0,0.010498,0.013002,0.005571,0.0,0.011146,0.007801,0.0,0.0,0.0,0.007862000000000001,0.0,0.0,0.0,0.0,0.012385,0.0,0.0,0.0,0.0,0.0,0.0,0.0
2013-09-23,0.011679,0.007678000000000001,0.022218,0.033583,0.032431999999999996,0.030590000000000003,0.011096,0.0,0.0,0.0,0.004654,0.0,0.028121,0.012790999999999999,0.003842,0.0,0.012494,0.0,0.009493,0.012908999999999999,0.024738000000000003,0.014772,0.077541,0.0,0.008051,0.009189000000000001,0.0,0.222148,0.0,0.0,0.0,0.0,0.0,0.0,0.0,0.0,0.006991000000000001,0.0,0.015350999999999998,0.0,0.0,0.0,0.0,0.0,0.015701,0.0,0.0,0.0,0.0,0.009146999999999999,0.032265,0.0,0.041532,0.009991,0.0,0.0,0.009288999999999999,0.0,0.0,0.0,0.0,0.0,0.0,0.0061270000000000005,0.0,0.010327999999999999,0.026873,0.026645,0.010665000000000001,0.009217999999999999,0.013253,0.016783,0.008801999999999999,0.0,0.009217,0.023155000000000002,0.010884,0.010444,0.008863,0.0,0.0,0.0,0.0,0.015892,0.0,0.0,0.010082,0.00617,0.006812,0.0,0.010568,0.006666999999999999,0.0,0.0,0.0,0.008566,0.0,0.0,0.0,0.0,0.013701000000000001,0.0,0.0,0.0,0.0,0.0,0.0,0.0
2013-12-23,0.012832,0.007582,0.020243,0.033285999999999996,0.03398,0.032083,0.011397,0.0,0.0,0.0,0.0,0.0,0.027833999999999998,0.012062,0.003929,0.0,0.012636000000000001,0.000909,0.008515,0.012790999999999999,0.029708000000000002,0.014659,0.078965,0.0,0.008059,0.009223,0.0,0.21524200000000002,0.0,0.0,0.0,0.0,0.0,0.0,0.0,0.0,0.0061270000000000005,0.0,0.01692,0.0,0.0,0.0,0.0,0.0,0.015794,0.0,0.0,0.0,0.0,0.006943,0.030802999999999997,0.0,0.047508,0.011731,0.0,0.0,0.008952,0.0,0.0,0.0,0.0,0.0,0.0,0.00633,0.0,0.010164,0.026801,0.030677,0.010741,0.008645,0.013922,0.018151,0.008948000000000001,0.0,0.009618999999999999,0.022828,0.010768999999999999,0.009998,0.010477,0.0,0.0,0.0,0.0,0.014229,0.0,0.0,0.008078,0.0,0.008168,0.0,0.008929,0.005504,0.0,0.0,0.0,0.008381,0.0,0.0,0.0,0.0,0.013305,0.0,0.0,0.0,0.0,0.0,0.004627,0.0
2014-06-23,0.010921,0.006903,0.017621,0.0292,0.029987,0.024752999999999997,0.009297,0.0,0.0,0.0,0.0,0.0,0.023582000000000002,0.011132999999999999,0.0,0.0,0.011314999999999999,0.000679,0.008101,0.013188,0.031854,0.017895,0.081738,0.0,0.00762,0.011087,0.0,0.227833,0.0,0.0,0.0,0.0,0.0,0.0,0.0,0.0,0.005437,0.0,0.017457,0.0,0.0,0.0,0.0,0.0,0.016888,0.0,0.0057269999999999995,0.0,0.0,0.007794,0.027808000000000003,0.0,0.056436,0.015615,0.0,0.0,0.007632,0.0,0.0,0.0,0.0,0.0,0.0,0.005642,0.0,0.009355,0.023875,0.026829000000000002,0.00987,0.00857,0.011893,0.018593,0.008921,0.0,0.007791,0.021173,0.009727,0.010097,0.016682,0.0,0.0,0.0,0.0,0.012707999999999999,0.0,0.013047,0.008262,0.0,0.0,0.0,0.008276,0.007403999999999999,0.0,0.0,0.0,0.007446,0.0,0.0,0.0,0.0,0.010959000000000002,0.0,0.0,0.0,0.0,0.0,0.00738,0.0
2014-12-22,0.010257,0.006626999999999999,0.016810000000000002,0.024681,0.025907,0.021204999999999998,0.008853999999999999,0.0,0.0,0.0,0.0,0.0,0.024586,0.009973,0.0,0.0,0.014194,0.000582,0.005718999999999999,0.012868999999999998,0.028595000000000002,0.018135,0.083168,0.0,0.0,0.010504,0.0,0.251218,0.0,0.0,0.0,0.0,0.0,0.0,0.0,0.0,0.006891,0.0,0.017898,0.0,0.0,0.0,0.0,0.0,0.015552999999999999,0.0,0.005506,0.0,0.00197,0.009558,0.026543,0.0,0.05042,0.013009,0.0,0.0,0.007280999999999999,0.0,0.0,0.0,0.0,0.0,0.0,0.0055379999999999995,0.0,0.009189000000000001,0.026602999999999998,0.027096,0.010568,0.009686,0.011024,0.018045,0.008058,0.0,0.008444,0.022568,0.010188,0.010383,0.017467999999999997,0.0,0.0,0.0,0.0,0.01278,0.0,0.011143,0.010384,0.0,0.0,0.0,0.008317,0.009346,0.0,0.0,0.0,0.007522,0.0,0.0,0.0,0.0,0.009492,0.0,0.0,0.0,0.0,0.0,0.007641,0.0
2015-09-21,0.008777,0.006004000000000001,0.021294,0.027013,0.027081,0.024192,0.009193,0.008007,0.0,0.0,0.0,0.0,0.019539,0.007974,0.0,0.0,0.012067000000000001,0.00046600000000000005,0.005571,0.010798,0.025429,0.017876,0.092342,0.0,0.0,0.009916000000000001,0.0,0.246147,0.0,0.0,0.0,0.0,0.0,0.0,0.0,0.0,0.008134,0.0,0.015774,0.0,0.0,0.0,0.0,0.0,0.013012,0.0,0.005959,0.0,0.00122,0.007709000000000001,0.029062,0.0,0.031595,0.019891000000000002,0.0,0.0,0.0,0.0,0.0,0.0,0.0,0.0,0.0,0.006803,0.0,0.009198,0.031075,0.029243,0.010182,0.011698,0.010537000000000001,0.018477,0.00797,0.0,0.008184,0.023718,0.011139,0.009064,0.022607,0.0,0.0,0.0,0.0,0.013531,0.0,0.004244,0.008556000000000001,0.0,0.0,0.0,0.008799,0.012979000000000001,0.0,0.0,0.0,0.008694,0.0,0.0,0.0,0.0,0.011121,0.0,0.0,0.0,0.0,0.0,0.010139,0.0
2016-06-20,0.0077529999999999995,0.004642,0.023423,0.028443999999999997,0.025792000000000002,0.026674000000000003,0.00688,0.004602,0.0,0.0,0.0,0.0,0.019468,0.009366,0.0,0.0,0.00953,0.0,0.007073,0.010909,0.025093,0.016884,0.081628,0.0,0.006454,0.008538,0.0,0.29739899999999997,0.0,0.0,0.0,0.0,0.0,0.0,0.0,0.0,0.006051,0.0,0.015028,0.0,0.0,0.0,0.0,0.0,0.011877,0.0,0.00635,0.0,0.001154,0.006156,0.032354,0.0,0.025102000000000003,0.013373,0.0,0.0,0.0,0.0,0.0,0.0,0.0,0.0,0.0,0.006712,0.0,0.009359,0.021577000000000002,0.022336,0.008187,0.010802,0.008602,0.019879,0.007866999999999999,0.0,0.006797,0.020960999999999997,0.011509,0.010406,0.022569,0.0,0.0,0.0,0.0,0.014521,0.0,0.004682,0.006855,0.0,0.0,0.0,0.009023999999999999,0.009807,0.0,0.0,0.0,0.008625,0.0,0.0,0.0,0.0,0.012367999999999999,0.0,0.0,0.0,0.0,0.0,0.008558,0.0
2017-06-19,0.006793006793006794,0.003731003731003731,-0.00454020454020454,0.027438027438027437,0.04568602568602569,0.02469002469002469,0.005969005969005969,0.0,0.0,0.0,0.0,0.0,0.018716018716018717,-0.015262215262215263,0.0,0.0,0.009648009648009648,0.0,0.00660900660900661,0.009045009045009045,0.02228802228802229,0.015428015428015427,0.1188970988970989,0.0,-0.016898216898216897,0.006877006877006877,0.0,0.31864631864631865,0.0,0.0,0.0,0.0,0.0,0.0,0.0,0.0,0.00583100583100583,0.0,0.012343012343012343,0.0,0.0,0.0,0.0,0.0,0.01163901163901164,0.0,-0.017126217126217126,0.0,0.001332001332001332,0.026942006942006946,0.003306803306803309,0.0,0.023249023249023247,0.01672601672601673,0.0,0.0,0.0,0.0,0.0,0.0,0.0,0.0,0.0033760033760033763,0.006051006051006051,0.006359006359006359,0.008429008429008428,0.041040021040021045,0.043587023587023585,0.007178007178007179,0.010393010393010393,0.02924700924700925,0.01672101672101672,0.007782007782007782,0.0,0.0056760056760056755,0.04192002192002192,0.011527011527011528,-0.012665212665212667,0.04973002973002973,0.0,0.0,0.0,0.0,-0.01098021098021098,0.0,0.0,0.027681007681007685,0.0,0.0,0.0,-0.014581214581214582,0.03095101095101095,0.0,0.0,0.0,0.008367008367008367,0.0,0.0,0.0,0.0,0.009463009463009464,0.0,0.0,0.0,0.0,0.0,-0.015255215255215256,0.0
2018-03-19,0.007999992000008001,-0.018335226109218335,0.019496980503019498,0.02879197120802879,0.04686597313402687,0.02784597215402785,0.006183993816006184,0.0,0.0,0.0,0.0,0.0,0.016964983035016964,-0.01689122755321689,0.0,0.0,0.0,0.0,-0.01707922736521708,0.030386989613010392,-0.005133239311205132,0.0166009833990166,0.0805679194320806,0.0,0.0049759950240049755,0.0064759935240064756,0.0,0.3741276458723542,0.0,0.0,0.0,0.0,0.0,0.0,0.0,0.0,0.005025994974005027,0.0,0.011214988785011214,0.0,0.0,0.0,0.0,0.0,0.009254990745009255,0.0,-0.01759222685221759,0.0,0.022472997527002478,0.00695999304000696,0.024078975921024086,0.0,0.04684897315102685,0.03541798458201542,0.0,0.0,0.0,0.0,0.0,0.0,0.0,0.0,0.0027459972540027464,-0.016416228028216417,0.006769993230006772,0.008396991603008398,0.021631978368021634,0.02433897566102434,0.028542991457008546,0.010754989245010754,0.008854991145008855,0.015976984023015978,0.027840992159007847,0.0,0.0063909936090063915,0.022240977759022243,0.031198988801011202,0.009762990237009763,0.021377978622021378,0.0,0.0,0.0,0.0,-0.012547231897212548,0.0,0.0,0.006531993468006532,0.0,0.0,0.0,-0.015418229026215417,0.008476991523008478,0.0,0.007125992874007127,0.0,0.028702991297008706,0.0,0.0,0.0,0.0,0.009544990455009545,0.0,0.0,0.0,0.0,0.0,-0.016357228087216357,0.0
2018-04-18,0.008319000000000002,-0.015994,0.040177000000000004,0.050788000000000014,0.04788200000000001,0.04813300000000001,0.006304000000000001,0.0,0.0,0.0,0.0,0.0,0.017163,-0.014805000000000002,0.0,0.0,0.0,0.0,-0.014796000000000004,0.030794000000000005,0.015515000000000003,0.017974000000000004,0.07727600000000001,0.0,0.004825,0.0,0.011591000000000002,0.36010300000000006,0.0,0.0,0.0,0.0,0.0,0.0,0.0,0.0,-0.014933000000000002,0.0,0.011436000000000002,0.0,0.0,0.0,0.0,0.0,0.008497000000000001,0.0,-0.015503000000000003,0.0,0.0024340000000000004,-0.013389000000000002,0.025565000000000004,0.0,0.04963200000000001,0.015843000000000003,0.0,0.0,0.0,0.0,0.0,0.0,0.0,0.0,0.0028630000000000005,-0.014026000000000004,0.006989,0.008714000000000001,0.021506,0.044201000000000004,0.028543000000000006,0.011496000000000001,0.009212000000000001,0.016343000000000003,0.007985,0.0,0.006333000000000001,0.04267100000000001,0.011581000000000001,0.01003,0.021342000000000003,0.0,0.0,0.0,0.0,0.010333000000000004,0.0,0.0,-0.014074000000000003,0.0,0.0,0.0,0.007380000000000001,-0.012091000000000001,0.0,0.0069900000000000006,0.0,0.008903000000000001,0.0,0.0,0.0,0.0,0.009949000000000001,0.0,0.0,0.0,0.0,0.0,-0.014004000000000003,0.0
2018-04-30,0.009237027711083135,-0.015430986292958882,0.04106406319218958,0.051777095331286,0.048623085869257614,0.04958908876726631,0.006774020322060967,0.0,0.0,0.0,0.0,0.0,0.018045054135162407,-0.014589983769951312,0.0,0.0,0.0,0.0,-0.014697984093952284,0.03155803467410403,0.014890044670134012,0.0,0.07622522867568604,0.0,0.005012015036045109,0.0,0.031913035739107226,0.35436900310700936,0.0,0.0,0.0,0.0,0.0,0.0,0.0,0.0,-0.01494198482595448,0.0,0.01219103657310972,0.0,0.0,0.0,0.0,0.0,0.00892902678708036,0.0,-0.015314985944957837,0.0,0.0026510079530238594,0.0068940206820620464,0.026647079941239823,0.0,0.05093409280227841,0.014682044046132138,0.0,0.0,0.0,0.0,0.0,0.0,0.0,0.0,-0.017066991200973606,-0.013708981126943385,0.007587022761068284,0.009174027522082568,0.022898068694206086,0.026269078807236425,0.02950502851508555,0.012366037098111293,0.01003203009609029,0.01754905264715794,0.008448025344076033,0.0,0.006758020274060822,0.04401607204821616,0.012244036732110197,0.010187030561091683,0.0203780611341834,0.0,0.0,0.0,0.0,0.010768032304096913,0.0,0.0,-0.014037982113946346,0.0,0.0,0.0,0.007696023088069264,-0.011755975267925807,0.0,0.007676023028069085,0.0,0.00940202820608462,0.0,0.0,0.0,0.0,0.010549031647094942,0.0,0.0,0.0,0.0,0.0,-0.013961981885945662,0.0
2018-12-22,0.03027396917809247,0.025210984367046902,0.04188993433019701,0.05156390530828408,0.027633917098248705,0.0501449095652713,0.02723697828906514,0.0,0.0,0.0,0.0,0.0,0.019645941062176816,-0.015173014480956561,0.0,0.0,0.0,0.0,0.005727982816051551,0.008694973915078256,-0.0017600547198358442,0.0,0.05623983128050616,0.0,0.0,0.0,0.028446974659076026,0.35199994400016804,0.0,0.0,0.0,0.0,0.0,0.0,0.0,0.0,-0.015626013121960637,0.0,0.009377971866084401,0.0,0.0,0.0,0.0,0.0,-0.011140026579920264,0.0,-0.01470301589095233,0.0,-0.018361004916985252,0.007054978835063496,0.026686919939240182,0.0,0.021603935188194437,0.010867967396097812,0.0,0.0,0.0,0.0,0.0,0.0,0.0,0.0,0.004174987475037575,0.0070089789730630805,0.007456977629067113,0.00983797048608854,0.022444932665202005,0.02426892719321842,0.00887897336307991,0.033436959689120936,0.011063966808099577,0.038225945322164036,0.008579974260077219,0.0,0.006982979051062848,0.02356592930221209,0.012572962281113157,0.03134796595610213,0.021484935545193363,0.0,0.0,0.0,0.0,0.011241966274101178,0.0,0.0,-0.014402016793949621,0.0,0.0,-0.007067038798883608,0.0075079774760675715,-0.013637019088942737,0.0,0.007433977698066906,0.007906976279071162,0.010401968794093618,0.0,0.0,0.0,0.0,0.01017196948409155,0.0,0.0,0.0,0.0,0.0,-0.014431016706949884,0.0
2019-03-18,0.030473989526010478,0.02551599448400552,0.04158897841102159,0.05153496846503154,0.02646497353502647,0.028951971048028952,0.027319992680007323,0.0,0.0,0.0,0.0,0.0,0.01898898101101899,-0.015155004844995159,0.0,0.0,0.007377992622007379,0.0,0.0057529942470057535,0.008096991903008098,0.019825980174019826,0.0,0.05192594807405193,0.0,0.0,0.0,0.00830899169100831,0.35147364852635143,0.0,0.0,0.0,0.0,0.0,0.0,0.0,0.0,0.0,0.0,-0.010318009681990321,0.0,0.0,0.0,0.0,0.0,-0.01073600926399074,0.0,0.005775994224005776,0.0,-0.018321001678998326,0.006181993818006182,0.025034974965025034,0.0,0.004945975054024946,-0.009672010327989677,0.0,0.0,0.0,0.0,0.0,0.0,0.0,0.0,0.004431995568004433,0.006825993174006826,0.007232992767007234,0.03003098996901004,0.02004997995002005,0.02193697806302194,0.00852999147000853,0.03411498588501412,0.032211987788012215,0.03821198178801821,0.008374991625008377,0.0,0.006871993128006873,0.022833977166022836,0.012393987606012395,0.010201989798010203,0.02846697153302847,0.0,0.0,0.0,0.0,0.010748989251010749,0.0,0.0,-0.014731005268994735,0.0,0.0,-0.0072210127789872226,0.007000992999007001,-0.013824006175993827,0.0,0.008379991620008381,0.008643991356008643,0.03048498951501049,0.0,0.0,0.0,0.0,0.010107989892010108,0.0,0.0,0.0,0.0,0.0,-0.013652006347993656,0.0
2019-06-24,0.011710011710011708,0.0244968244968245,0.023197023197023197,0.032325032325032324,0.026260026260026256,0.02822002822002822,0.02593682593682594,0.0,0.0,0.0,0.0,0.0,0.03631783631783632,-0.015627995627995633,0.0,0.0,0.009600009600009599,0.0,0.005593005593005592,-0.010887990887990893,0.038492838492838494,0.0,0.054057054057054056,0.0,0.0,0.0,-0.013842993842993846,0.34973334973334974,0.0,0.0,0.0,0.0,0.0,0.0,0.0,0.0,0.0,0.0,-0.010733990733990739,0.0,0.0,0.0,0.0,0.0,0.009535009535009534,0.0,0.0056840056840056835,0.0,-0.01831599831599832,0.004764004764004764,0.025178025178025174,0.0,0.027012027012027012,-0.010352990352990359,0.0,0.0,0.0,0.0,0.0,0.0,0.0,0.0,0.023772823772823776,0.007487007487007487,0.006252006252006251,0.028665828665828667,0.018849018849018847,0.01953901953901954,0.0076840076840076835,0.03394183394183394,0.03055583055583056,0.03773883773883774,0.008305008305008304,0.0,0.00783000783000783,0.022328022328022328,0.012799012799012797,0.010009010009010007,0.0023700223700223663,0.0,0.0,0.0,0.0,0.01141001141001141,0.0,0.0,0.0,0.0,0.0,-0.007549987549987553,-0.012712992712992716,-0.013942993942993948,0.0,0.008846008846008845,0.02821982821982822,0.029140829140829144,0.0,0.0,0.0,0.0,0.009423009423009424,0.0,0.0,0.0,0.0,0.0,0.005913005913005913,0.004775004775004774
2019-09-23,0.011004022008044017,0.005828011656023312,0.021687043374086747,0.02754005508011016,0.02324004648009296,0.0029020458040916047,-0.013262986525973054,0.0,0.0,0.0,0.0,0.0,0.016781033562067126,-0.015277990555981115,0.0,0.0,0.0288740177480355,0.0,0.0059850119700239415,-0.011244982489964984,0.03827603655207311,0.0,0.051726103452206906,0.0,0.0,0.0,-0.014687989375978755,0.366497732995466,0.0,0.0,0.0,0.0,0.0,0.0,0.0,0.0,0.0,0.0,0.008571017142034286,0.0,0.0,0.0,0.0,0.0,0.00871501743003486,0.0,0.0059150118300236604,0.0,0.002199004398008796,0.0,0.024617049234098468,0.0,0.052894065788131585,-0.010164980329960664,0.0,0.0,0.0,0.0,0.0,0.0,0.0,0.0,0.004388008776017553,0.007858015716031433,0.006437012874025749,0.03116802233604468,0.018885037770075542,0.01893203786407573,0.007508015016030032,0.03703003406006812,0.03207702415404831,0.038351036702073404,0.00821701643403287,0.006388012776025553,0.007513015026030052,0.022233044466088932,0.012695025390050782,-0.01040198080396161,0.02490404980809962,0.0,0.0,0.0,0.0,0.0106750213500427,0.0,0.0,0.0,0.0,0.0,0.014248028496056993,-0.013179986359972723,-0.013925987851975706,0.0,0.008987017974035949,0.030499020998042,0.03116102232204465,0.0,0.0,0.0,0.0,-0.011691983383966771,0.0,0.0,0.0,0.0,0.0,0.025970011940023883,0.004462008924017848
2020-06-22,0.030816978366043274,0.0053879892240215515,0.018383963232073537,0.0024829550340899273,0.019475961048077903,-0.002821034357931289,-0.01411901176197648,0.0,0.0,0.0,0.0,0.0,0.013622972754054493,-0.016543006913986177,0.0,0.0,0.011810976378047244,0.0,0.005992988014023972,0.029470981058037887,0.019421961156077684,0.0,0.07080889838220324,0.0,0.0,0.0,0.02985698028603943,0.42545918908162184,0.0,0.0,0.0,0.0,0.0,0.0,0.0,0.0,0.0,0.0,0.008921982156035686,0.0,0.0,0.0,0.0,0.0,0.009916980166039667,0.0,0.005978988042023916,0.0,0.001473997052005896,0.0,0.02296295407409185,0.0,0.06313191373617252,0.008796982406035188,0.0,0.0,0.0,0.0,0.0,0.0,0.0,0.0,-0.01593600812798375,0.006591986816026367,0.005249989500021,0.009663980672038656,0.016935966128067744,0.018672962654074688,0.006892986214027571,0.03640596718806563,0.010870978258043482,0.018175963648072703,0.007145985708028584,0.005471989056021888,0.006163987672024655,0.01948396103207793,0.011841976316047366,0.008958982082035835,0.04180995638008724,0.0,0.0,0.0,0.0,-0.010655018689962626,0.0,0.0,0.0,0.0,0.0,0.0323489753020494,-0.014332011335977333,0.027105985788028426,0.0,0.008248983502032995,-0.012088015823968356,0.01031497937004126,0.0,0.0,0.0,0.0,-0.013270013459973085,0.00371499257001486,0.0,0.0,0.0,0.0,0.0,-0.01648400703198594
2020-09-21,0.029719000000000002,0.004535,-0.005736000000000005,-0.0016860000000000035,0.016028,-0.005970000000000003,0.0047339999999999995,0.0,0.0,0.0,0.0,0.0,0.011781999999999999,-0.016811000000000003,0.0,0.0,0.009737,0.0,0.004588999999999999,0.03427,0.019083000000000003,0.0,0.062855,0.0,0.0,0.0,0.027499000000000003,0.510275,0.0,0.0,0.0,0.0,0.0,0.0,0.0,0.0,0.0,0.0,0.028352000000000002,0.0,0.0,0.0,0.0,0.008279,0.029531,0.0,0.0056110000000000005,0.0,-0.018804000000000005,0.0,0.018972,0.0,0.06136300000000001,0.006194,0.0,0.0,0.0,0.0,0.0,0.0,0.0,0.0,-0.016949000000000006,0.005422,0.0,0.008012,0.014256,0.015005999999999999,0.005515,0.014432,0.009764,0.034173,0.006216,0.0,0.005255999999999999,0.015443,0.009704,0.0067610000000000005,0.016076999999999998,0.0,0.0,0.0,0.0,0.007448,0.0,0.0,0.0,0.0,0.0,0.009677999999999999,-0.015489000000000003,0.025803000000000003,0.0,0.007724,-0.013890000000000003,0.008836,0.0,0.0,0.0,0.004782,-0.014452000000000003,0.0026190000000000002,0.0,0.0,0.0,0.0,0.0,-0.016548000000000004
2020-12-21,0.02871098257803485,0.004002991994016012,0.01304197391605217,0.017554964890070225,0.01565196869606261,0.01397697204605591,0.004474991050017901,0.0,0.0,0.0,0.0,0.0,0.012341975316049369,-0.01661600676798647,0.0,0.0,0.008103983792032417,0.0,0.0,0.04246195507608985,0.0419729560540879,0.0,0.04295191409617182,0.0,0.0,0.0,0.009045981908036186,0.5194180011639977,0.0,0.0,0.0,0.0,0.0,0.0,0.0,0.0,0.0,0.0,0.027248985502029,0.0,0.0,0.0,0.0,0.027841984316031375,0.028538982922034162,0.0,0.005926988146023709,0.0,-0.01840200319599361,0.0,0.01690196619606761,0.0,0.06197491605016791,-0.013958012083975836,0.0,0.0,0.0,0.0,0.0,0.0,0.0,0.0,-0.017408005183989637,-0.01544400911198178,0.0,0.00690998618002764,0.01357197285605429,0.033879972240055525,0.005111989776020449,0.012192975614048775,0.009249981500037002,0.013032973934052134,0.005514988970022061,0.0,0.004724990550018901,0.014210971578056847,0.00854398291203418,-0.013890012219975562,-0.006498027003945993,0.0,0.0,0.007501984996030009,0.0,0.006592986814026373,0.0,0.0,0.0,0.0,0.0,0.01085497829004342,-0.016071007857984286,0.005338989322021357,0.0,0.008413983172033656,-0.014655010689978622,0.0077389845220309575,0.0,0.0,0.0,0.02614398771202458,-0.014615010769978464,0.0023899952200095603,0.0,0.0,0.0,0.0,0.0,0.003490993018013965
2021-03-22,0.007788000000000001,0.0036620000000000003,-0.008236000000000005,0.016923,0.015125999999999999,0.013161,0.004168,0.0,0.005346999999999999,0.0,0.0,0.0,0.011094,0.002904,0.0,0.0,0.006507,0.0,0.0,0.039754000000000005,0.04195600000000001,0.0,0.052962999999999996,0.0,0.0,0.0,0.00904,0.526765,0.0,0.0,0.0,0.0,0.0,0.0,0.0,0.0,0.0,0.0,0.029471000000000004,0.0,0.0,0.0,0.0,0.027683000000000003,0.008472,0.0,0.00523,0.0,0.0015279999999999998,0.0,-0.005133000000000006,0.0,0.06653900000000001,0.005304,0.0,0.0,0.0,0.0,0.0,0.0,0.0,0.0,-0.017690000000000004,-0.015999000000000003,0.0,0.006273,0.033874,0.013157,0.0,0.011057999999999998,0.00897,0.012012,0.004829,0.0,0.0,0.013733,0.007752,-0.014550000000000004,-0.007998000000000005,0.0,0.0,0.031024000000000003,0.0,-0.014314000000000004,0.0,0.0,0.0,0.0,0.0,0.013118000000000001,-0.016384000000000003,0.005254999999999999,0.0,0.028401000000000003,-0.015296000000000004,0.006964000000000001,0.0,0.0,0.0,0.025031000000000005,0.004867,-0.017514000000000005,0.0,0.0022919999999999998,0.0,0.0,0.0,0.0031190000000000002
2021-06-21,0.008994991005008994,0.003918996081003919,-0.010311234133210313,0.016729983270016728,0.015725984274015725,0.01225298774701225,0.00417099582900417,0.0,0.00486999513000487,0.0,0.0,0.0,0.03455898544101456,0.0,0.0,0.0,-0.01607722836721608,0.0,0.0,0.04107297892702107,0.041867978132021866,0.0,0.06499995500004499,0.0,0.0,0.0,0.008322991677008323,0.5066005133994865,0.0,0.0,0.0,0.0,0.0,0.0,0.0,0.0,0.0,0.0,0.029090990909009094,0.0,0.0,0.0,0.0,0.00817199182800817,0.007758992241007758,0.0,0.004726995273004727,0.0,0.0012269987730012268,0.006621993378006621,0.014436985563014435,0.0,0.06775995224004774,0.0,0.0,0.0,0.0,0.012346987653012344,0.007917992082007917,0.0,0.008406991593008405,0.0,0.0,-0.018730225714218732,0.0,-0.016383228061216386,0.03733598266401734,0.014880985119014879,0.0,0.010186989813010186,0.009825990174009824,0.01192298807701192,0.005168994831005168,0.0,0.0,0.01343998656001344,0.007498992501007498,-0.017338227106217338,-0.01205523238921206,0.0,0.0,0.02962799037200963,0.0,-0.016696227748216698,0.0,0.0,0.0,0.0,0.0,0.03333798666201334,-0.018765225679218768,0.004939995060004939,0.0,0.008476991523008476,-0.017374227070217376,0.0066819933180066815,0.0,0.0,0.0,0.006919993080006918,0.004996995003004996,0.0,0.0,0.0025259974740025255,0.0,0.0,0.0,0.0034079965920034076
2021-09-22,0.009000990999009001,0.0,0.0112009887990112,0.016659983340016657,0.017105982894017102,0.012055987944012055,0.003945996054003946,0.0,0.004814995185004814,0.0,0.0,0.0,0.03565698434301566,0.0,0.0,0.0,-0.015752228692215754,0.0,0.0,0.04637397362602637,0.018612981387018612,0.0,0.0636059563940436,0.0,0.0,0.0,0.0071789928210071775,0.4821495178504821,0.0,0.0,0.0,0.0,0.0,0.0,0.0,0.0,0.0,0.0,0.007664992335007664,0.0,0.0,0.0,0.0,0.008263991736008263,0.006917993082006917,0.0,-0.01710622733821711,0.0,0.001004998995001005,0.025113994886005117,0.014059985940014058,0.0,0.04657195342804656,0.0,0.0,0.0,0.0,0.03128398871601129,0.0267989932010068,0.0,0.02853799146200854,0.0,0.0,-0.018611225833218614,0.0,0.00675999324000676,0.04200797799202201,0.03628398371601629,0.0,0.011096988903011095,0.009609990390009608,0.011655988344011653,0.006572993427006572,0.0,0.0,0.013896986103013894,0.007678992321007678,-0.017021227423217024,-0.014092230352214094,0.0,0.0,0.008166991833008166,0.0,-0.016800227644216802,0.0,0.0,0.0,0.0,0.0,0.03346798653201347,-0.018998225446219,0.004258995741004258,0.0,0.011294988705011293,-0.017274227170217274,0.0071789928210071775,0.0,0.0,0.0,0.008527991472008528,-0.017665226779217665,0.0,0.0,0.0032179967820032177,0.0,0.003931996068003932,0.0,0.0031289968710031288
2021-12-17,0.008142347414832225,0.0,0.010779374722181063,0.016209608630708052,0.015385662740826466,0.011314989608070064,0.0036882340927384635,0.0,-0.015374690144285646,0.0,0.0,0.0,0.03391197094264215,0.0,0.0,0.0,-0.013673737450593287,0.0,0.0,0.02408665147589432,0.018909708345180267,0.0,0.06067169110138439,0.0,0.0,0.0,-0.013271275424186971,0.4753557083531894,0.0,0.0,0.0,0.0,0.0,0.0,0.0,0.0,0.0,0.0,0.028437686464060745,0.0,0.0,0.0,0.0,0.00877407263538542,0.00782398193125708,0.0,-0.014590790227180808,0.0,0.0,0.006634616539787674,0.014180278960246361,0.0,0.052807623151377776,0.0,0.0,0.0,0.0,0.03215295158842351,0.02659356941769151,0.0,0.027810966990104644,0.0,0.0,-0.01640487279396748,0.0,0.006706699290785821,0.04045348059572389,0.03629971206945574,0.0,0.011512216023995544,0.00943383003688234,0.012619487171272618,0.006586561372455579,0.0,0.0,0.015064293809293066,0.007992175016919423,-0.015006267194739565,-0.013329342084713256,0.0,0.0,0.009952425384341223,0.00921858293320732,-0.014736958027815938,0.0,0.0,0.0,0.0,0.0,0.031599316014784974,-0.016707219888431924,0.004370016779262593,0.0,0.010871480459567583,0.005013755791648812,0.007944119849587324,0.0,0.0,0.0,0.029224589829123834,-0.015572917709530546,0.0,0.0,0.0039124915402882505,0.0,0.003046497378991081,0.0,0.0031746444918766734
2021-12-20,0.008233,0.0,0.010678,0.016439,0.015674,0.01135,0.0,0.0,0.004724,0.0,0.0,0.0,0.034348000000000004,0.0,0.0,0.0,-0.013647000000000003,0.0,0.0,0.023803,0.019111,0.0,0.060645000000000004,0.0,0.0,0.0,-0.013336000000000004,0.476622,0.0,0.0,0.0,0.0,0.0,0.0,0.0,0.0,0.0,0.0,0.028421000000000002,0.0,0.0,0.0,0.0,0.008738000000000001,0.007715,0.0,-0.014567000000000004,0.0,-0.018855000000000004,0.026616000000000004,0.014233,0.0,0.052046999999999996,0.0,0.0,0.0,0.0,0.032102000000000006,0.026670000000000006,0.0,0.027945000000000005,0.0,0.0,-0.016428000000000005,0.0,0.0067659999999999994,0.04027700000000001,0.036344,0.0,0.011567000000000001,0.009504,0.012718,0.006617,0.0,0.0,0.015114,0.008053,-0.014973000000000004,-0.012679000000000005,0.0,0.0,0.00989,0.00909,-0.014725000000000005,0.0,0.0,0.0,0.0,0.0,0.011424,-0.016699000000000006,0.004386,0.0,0.010993999999999999,0.005048,0.008003,0.0,0.0,0.0,0.029492000000000004,-0.015538000000000003,0.0,0.0,0.003862,0.0,0.0030259999999999996,0.0,0.003158
2022-03-21,0.00867199132800867,0.0,0.010516989483010516,0.017272982727017272,0.017331982668017328,0.011675988324011673,0.0,0.0,-0.015239004760995243,0.0,0.0,0.0,0.03613698386301614,0.0,0.0,0.0,0.00603099396900603,0.0,0.0,0.02059497940502059,0.01856998143001857,0.0,0.042500957499042494,0.0,0.0,0.0,-0.012902007097992906,0.46581153418846577,0.0,0.0,0.0,0.0,0.0,0.0,0.0,0.0,0.0,0.0,0.008737991262008738,0.0,0.0,0.0,0.0,0.0071589928410071575,0.008195991804008195,0.0,-0.014953005046994958,0.0,-0.01884500115499885,0.0061549938450061546,0.015984984015015982,0.0,0.047904952095047894,0.0,0.0,0.0,0.0,0.0324009875990124,0.027168992831007172,0.0,0.026610993389006615,0.0,0.0,0.004041995958004042,0.0,0.007664992335007664,0.0407029792970207,0.037458982541017455,0.010175989824010176,0.013095986904013096,0.010167989832010166,0.014630985369014629,0.027062992937007067,0.0,0.0,0.03696898303101697,0.009192990807009192,-0.01518500481499519,-0.013227006772993231,0.0,0.0,-0.011319008680991324,0.02917599082400918,0.005717994282005717,0.0,0.0,0.0,0.0,0.0,0.011812988187011812,-0.01613600386399614,0.0,0.0,0.010849989150010848,0.005311994688005311,0.009163990836009163,0.0,0.0,0.0,0.026861993138006864,-0.015454004545995458,0.0,0.0,0.0033539966460033534,0.0,0.0017079982920017078,0.0,-0.0172960027039973
2022-06-20,0.007899000000000002,0.0,0.011497000000000002,0.019539000000000004,0.017740000000000002,0.013377,0.0,0.0,-0.014377000000000003,0.0,0.0,0.0,0.015424000000000002,0.0,0.0,0.0,0.006778,0.0,0.0,0.020926000000000004,-0.0014610000000000005,0.0,0.04943200000000001,0.0,0.0,0.0,-0.013320000000000002,0.45221400000000006,0.0,0.0,0.0,0.0,0.0,0.0,0.0,0.0,0.0,0.0,0.008531000000000002,0.0,0.0,0.0,0.0,-0.012314000000000004,0.008080000000000002,0.0,0.0051670000000000015,0.0,0.0010450000000000001,0.005679000000000001,0.017784000000000005,0.0,0.04625600000000001,0.0,0.0,0.0,0.0,0.011833000000000002,0.007419000000000001,0.0,-0.014018000000000003,0.0,0.0,0.004316,0.0,0.028389000000000005,0.03907400000000001,0.036459000000000005,0.029112000000000006,0.033819,0.009987000000000003,0.034375,0.026735000000000005,0.0,0.0,0.037646000000000006,0.009909000000000001,0.005484000000000001,-0.013724000000000004,0.0,0.0,-0.012464000000000003,0.027813000000000004,0.0065000000000000014,0.0,0.0,0.0,0.0,0.0,0.012422,0.004930000000000001,0.0,0.0,0.010850000000000002,0.006397000000000002,0.029805000000000005,0.0,0.0,0.0,-0.014711000000000002,-0.014866000000000004,0.0,0.004904000000000001,0.0024830000000000004,0.0,0.0,0.0,-0.016774000000000004
2022-09-19,0.009192990807009194,0.0,0.012894987105012896,0.01723098276901723,0.015872984127015873,0.012111987888012115,0.0,0.0,-0.014865005134994868,0.0,0.0,0.0,0.014826985173014827,0.0,0.0,0.0,0.007850992149007852,0.0,0.0,0.019048980951019052,0.023453976546023457,0.0,0.0726899473100527,0.0,0.0,0.0,-0.013383006616993386,0.4625725374274626,0.0,0.0,0.0,0.0,0.0,0.0,0.0,0.0,0.0,0.0,0.007354992645007356,0.0,0.0,0.0,0.0,-0.013848006151993851,0.008610991389008612,0.0,-0.014538005461994541,0.0,0.0009269990730009272,0.00646999353000647,0.038227981772018235,0.0,0.03626296373703627,0.0,0.0,0.0,0.0,0.008041991958008043,0.004954995045004956,0.0,-0.015398004601995401,0.0,0.0,0.004773995226004774,0.0,0.029729990270009735,0.019244980755019247,0.014430985569014433,0.028381991618008383,0.03510098489901511,0.009802990197009804,0.035635984364015647,0.006841993158006842,0.0,0.007937992062007938,0.03628498371501629,0.031419988580011424,0.006170993829006171,-0.012291007708992293,0.0,0.0,-0.014119005880994122,0.006643993356006644,0.006457993542006458,0.0,0.0,0.0,0.0,0.0,0.011574988425011576,0.004868995131004869,0.0,0.0,0.011591988408011593,0.026486993513006492,0.0312929887070113,0.0,0.0,0.0,-0.014681005318994684,0.004796995203004797,0.0,0.0,-0.018110001889998114,0.0,0.0,0.0,-0.01683800316199684
2022-12-19,0.008710026130078392,0.0,0.012752038256114769,0.03402871875282293,0.016739050217150653,0.029250704418779923,0.0051680155040465135,0.0,0.005866017598052794,0.0,0.0,0.0,0.014777044331132996,0.0,0.0,0.0,0.0076700230100690305,0.0,0.0,0.021016063048189145,0.025673077019231057,0.0,0.06567681369710776,0.0,0.0,0.0,0.007584022752068257,0.45926237778713336,0.0,0.0,0.0,0.0,0.0,0.0,0.0,0.0,0.0,0.0,0.0075750227250681755,0.0,0.0,0.0,0.0,-0.016591205329171542,0.007759023277069832,0.0,-0.016498205050170706,0.0,-0.021198219150213006,0.0,0.033649717615819516,0.0,0.039695119085357264,0.0,0.0,0.0,0.0,0.007017021051063154,0.0043800131400394205,0.0,-0.017752208812181994,0.0,0.0,0.021348680712708804,0.0,0.026037694779751007,0.019963059889179666,0.015022045066135201,0.008085024255072766,0.029963706557786345,0.010749032247096743,0.013888041664124995,0.006899020697062092,0.0,0.023900688368731774,0.033052715824814144,0.02773369986776627,0.006129018387055161,0.009006027018081056,0.0,0.0,-0.014948200400156757,-0.014987200517157108,0.006233018699056098,0.0,0.0,0.0,0.0,0.0,0.013254039762119287,0.004394013182039547,0.0,0.0,0.012558037674113023,0.02347368708772793,0.027331698661762653,0.0,0.0,0.0,-0.017109206883176208,0.00468001404004212,0.0,0.0,-0.020015215601202358,0.0,0.0,0.0,-0.018853212115191902
2023-03-20,0.00851698296603407,0.0,0.03246997506004989,0.01670896658206684,0.016417967164065673,0.01131697736604527,0.02456799086401828,0.0,0.006566986866026269,0.0067999864000272015,0.0,0.0,0.014692970614058776,0.0,0.0,0.0,0.02712898574202852,0.0,0.0,0.023502952994094016,0.043494953010093984,0.0,0.06691590616818768,0.0,0.0,0.0,0.00728698542602915,0.4695240609518782,0.0,0.0,0.0,0.0,0.0,0.0,0.0,0.0,0.0,0.0,0.007186985626028749,0.0,0.0,0.0,0.0,-0.0128990142019716,0.008333983332033338,0.0,0.005733988532022938,0.0,-0.01896400207199586,0.0,0.01685796628406743,0.0,0.023219913560172882,0.0,0.0,0.0,0.0,-0.013557012885974232,-0.015923008153983696,0.0,-0.016361007277985447,0.0,0.0,0.004251991496017009,0.0,0.02832598334803331,0.018356963286073433,0.014240971518056965,-0.012781014437971127,0.012079975840048322,0.009855980288039426,0.013306973386053229,0.006840986318027366,0.0,0.026891986216027574,0.014271971456057091,0.030129979740040523,0.005654988690022621,0.028464983070033867,0.0,0.0,0.009340981318037365,-0.013458013083973834,0.006094987810024381,0.0,0.0,0.0,0.0,0.0,0.03404397191205619,0.004354991290017421,0.0,0.0,0.012515974968050066,0.005966988066023869,0.009609980780038442,0.0,0.0,0.0,-0.0152740094519811,-0.015612008775982452,0.0,0.0,0.0,0.0,0.0,0.0,0.0029819940360119286
2023-06-19,0.008157008157008155,0.0,0.03262301262301263,0.015350015350015348,0.015485015485015484,0.01012001012001012,0.004374004374004374,0.0,0.0054400054400054396,0.025435005435005438,0.0,0.0,0.01252001252001252,0.0,0.0,0.0,0.008959008959008958,0.0,0.0,0.04168602168602169,0.04744302744302745,0.0,0.045324045324045326,0.0,0.0,0.0,0.026700006700006704,0.4809154809154809,0.0,0.0,0.0,0.0,0.0,0.0,0.0,0.0,0.0,0.0,0.0075610075610075605,0.0,0.0,0.0,0.0,-0.013546993546993551,0.013445013445013445,0.0,0.005928005928005927,0.0,0.001235001235001235,0.0,0.016151016151016148,0.0,0.03782503782503783,0.0,0.0,0.0,0.0,-0.014052994052994056,-0.016360996360996364,0.0,-0.017025997025997032,0.0,0.0,0.004180004180004179,0.0,0.0076900076900076894,0.038205018205018204,0.013736013736013734,-0.013206993206993211,0.012703012703012702,0.029894009894009897,0.013894013894013893,0.007317007317007317,0.0,0.006590006590006589,0.015138015138015137,0.00976100976100976,0.005407005407005406,0.027439007439007443,0.0,0.0,0.028869008869008873,0.00834100834100834,-0.01431499431499432,0.0,0.0,0.0,0.0,0.0,0.034515014515014514,-0.015610995610995614,0.005485005485005485,0.0,0.010049010049010047,-0.014503994503994509,0.009562009562009562,0.0,0.0,0.0,0.0,-0.015819995819995825,0.0,0.0,0.0,0.0,0.0,0.0,-0.017007997007997013
2023-09-18,0.007547007547007548,0.0,0.011859011859011859,0.0141010141010141,0.013646013646013647,0.009989009989009989,0.0,0.0,0.005161005161005161,0.0,0.0,0.0,0.011419011419011417,0.0,0.0,0.0,0.00767000767000767,0.0,0.009317009317009316,0.03932001932001933,0.04562002562002562,0.0,0.04415104415104415,0.0,0.0,0.0,0.007068007068007068,0.46474146474146477,0.0,0.0,0.0,0.009235009235009235,0.0,0.0,0.0,0.0,0.0,0.0,0.00893100893100893,0.0,0.0,0.0,0.0,0.006829006829006828,0.041446021446021455,0.0,0.005610005610005611,0.0,0.021162001162001166,0.0,0.015424015424015424,0.0,0.0591980391980392,0.0,0.0,0.0,0.0,0.004331004331004331,0.0,0.0,0.0,0.0,0.0,0.0041340041340041335,0.0,-0.014801214801214803,0.03994501994501995,0.014889014889014889,-0.015673215673215675,-0.009683209683209683,0.030664010664010668,0.014577014577014578,0.027491007491007496,0.0,-0.015206215206215207,0.015630015630015627,0.009996009996009995,-0.017036217036217036,0.00719000719000719,0.0,0.0,0.02916600916600917,0.008553008553008553,-0.016813216813216812,0.010292010292010292,0.0,0.0,0.0,0.0,0.033692013692013696,-0.018158218158218158,0.005506005506005506,0.0,0.009308009308009308,-0.01686821686821687,0.009656009656009656,0.0,0.0,0.0,0.0,-0.018185218185218184,0.0045500045500045504,0.0,0.0,0.0,0.0,0.0,0.0034100034100034106
